"tollgate_id","time_window","direction","volume"
"1","[2016-09-19 08:00:00,2016-09-19 08:20:00)","0","46"
"1","[2016-09-19 08:00:00,2016-09-19 08:20:00)","1","123"
"3","[2016-09-19 08:00:00,2016-09-19 08:20:00)","0","161"
"3","[2016-09-19 08:00:00,2016-09-19 08:20:00)","1","118"
"2","[2016-09-19 08:00:00,2016-09-19 08:20:00)","0","129"
"1","[2016-09-19 08:20:00,2016-09-19 08:40:00)","0","56"
"1","[2016-09-19 08:20:00,2016-09-19 08:40:00)","1","119"
"3","[2016-09-19 08:20:00,2016-09-19 08:40:00)","0","167"
"3","[2016-09-19 08:20:00,2016-09-19 08:40:00)","1","168"
"2","[2016-09-19 08:20:00,2016-09-19 08:40:00)","0","122"
"1","[2016-09-19 08:40:00,2016-09-19 09:00:00)","0","41"
"1","[2016-09-19 08:40:00,2016-09-19 09:00:00)","1","116"
"3","[2016-09-19 08:40:00,2016-09-19 09:00:00)","0","138"
"3","[2016-09-19 08:40:00,2016-09-19 09:00:00)","1","161"
"2","[2016-09-19 08:40:00,2016-09-19 09:00:00)","0","98"
"1","[2016-09-19 09:00:00,2016-09-19 09:20:00)","0","50"
"1","[2016-09-19 09:00:00,2016-09-19 09:20:00)","1","120"
"3","[2016-09-19 09:00:00,2016-09-19 09:20:00)","0","174"
"3","[2016-09-19 09:00:00,2016-09-19 09:20:00)","1","145"
"2","[2016-09-19 09:00:00,2016-09-19 09:20:00)","0","89"
"1","[2016-09-19 09:20:00,2016-09-19 09:40:00)","0","49"
"1","[2016-09-19 09:20:00,2016-09-19 09:40:00)","1","151"
"3","[2016-09-19 09:20:00,2016-09-19 09:40:00)","0","144"
"3","[2016-09-19 09:20:00,2016-09-19 09:40:00)","1","125"
"2","[2016-09-19 09:20:00,2016-09-19 09:40:00)","0","78"
"1","[2016-09-19 09:40:00,2016-09-19 10:00:00)","0","44"
"1","[2016-09-19 09:40:00,2016-09-19 10:00:00)","1","131"
"3","[2016-09-19 09:40:00,2016-09-19 10:00:00)","0","148"
"3","[2016-09-19 09:40:00,2016-09-19 10:00:00)","1","116"
"2","[2016-09-19 09:40:00,2016-09-19 10:00:00)","0","59"
"1","[2016-09-19 17:00:00,2016-09-19 17:20:00)","0","36"
"1","[2016-09-19 17:00:00,2016-09-19 17:20:00)","1","96"
"3","[2016-09-19 17:00:00,2016-09-19 17:20:00)","0","110"
"3","[2016-09-19 17:00:00,2016-09-19 17:20:00)","1","86"
"2","[2016-09-19 17:00:00,2016-09-19 17:20:00)","0","85"
"1","[2016-09-19 17:20:00,2016-09-19 17:40:00)","0","34"
"1","[2016-09-19 17:20:00,2016-09-19 17:40:00)","1","116"
"3","[2016-09-19 17:20:00,2016-09-19 17:40:00)","0","118"
"3","[2016-09-19 17:20:00,2016-09-19 17:40:00)","1","85"
"2","[2016-09-19 17:20:00,2016-09-19 17:40:00)","0","72"
"1","[2016-09-19 17:40:00,2016-09-19 18:00:00)","0","24"
"1","[2016-09-19 17:40:00,2016-09-19 18:00:00)","1","112"
"3","[2016-09-19 17:40:00,2016-09-19 18:00:00)","0","95"
"3","[2016-09-19 17:40:00,2016-09-19 18:00:00)","1","91"
"2","[2016-09-19 17:40:00,2016-09-19 18:00:00)","0","53"
"1","[2016-09-19 18:00:00,2016-09-19 18:20:00)","0","29"
"1","[2016-09-19 18:00:00,2016-09-19 18:20:00)","1","67"
"3","[2016-09-19 18:00:00,2016-09-19 18:20:00)","0","94"
"3","[2016-09-19 18:00:00,2016-09-19 18:20:00)","1","73"
"2","[2016-09-19 18:00:00,2016-09-19 18:20:00)","0","55"
"1","[2016-09-19 18:20:00,2016-09-19 18:40:00)","0","27"
"1","[2016-09-19 18:20:00,2016-09-19 18:40:00)","1","94"
"3","[2016-09-19 18:20:00,2016-09-19 18:40:00)","0","56"
"3","[2016-09-19 18:20:00,2016-09-19 18:40:00)","1","78"
"2","[2016-09-19 18:20:00,2016-09-19 18:40:00)","0","50"
"1","[2016-09-19 18:40:00,2016-09-19 19:00:00)","0","18"
"1","[2016-09-19 18:40:00,2016-09-19 19:00:00)","1","65"
"3","[2016-09-19 18:40:00,2016-09-19 19:00:00)","0","61"
"3","[2016-09-19 18:40:00,2016-09-19 19:00:00)","1","77"
"2","[2016-09-19 18:40:00,2016-09-19 19:00:00)","0","49"
"1","[2016-09-20 08:00:00,2016-09-20 08:20:00)","0","53"
"1","[2016-09-20 08:00:00,2016-09-20 08:20:00)","1","132"
"3","[2016-09-20 08:00:00,2016-09-20 08:20:00)","0","145"
"3","[2016-09-20 08:00:00,2016-09-20 08:20:00)","1","154"
"2","[2016-09-20 08:00:00,2016-09-20 08:20:00)","0","112"
"1","[2016-09-20 08:20:00,2016-09-20 08:40:00)","0","50"
"1","[2016-09-20 08:20:00,2016-09-20 08:40:00)","1","151"
"3","[2016-09-20 08:20:00,2016-09-20 08:40:00)","0","173"
"3","[2016-09-20 08:20:00,2016-09-20 08:40:00)","1","209"
"2","[2016-09-20 08:20:00,2016-09-20 08:40:00)","0","111"
"1","[2016-09-20 08:40:00,2016-09-20 09:00:00)","0","45"
"1","[2016-09-20 08:40:00,2016-09-20 09:00:00)","1","131"
"3","[2016-09-20 08:40:00,2016-09-20 09:00:00)","0","154"
"3","[2016-09-20 08:40:00,2016-09-20 09:00:00)","1","210"
"2","[2016-09-20 08:40:00,2016-09-20 09:00:00)","0","112"
"1","[2016-09-20 09:00:00,2016-09-20 09:20:00)","0","51"
"1","[2016-09-20 09:00:00,2016-09-20 09:20:00)","1","150"
"3","[2016-09-20 09:00:00,2016-09-20 09:20:00)","0","144"
"3","[2016-09-20 09:00:00,2016-09-20 09:20:00)","1","191"
"2","[2016-09-20 09:00:00,2016-09-20 09:20:00)","0","105"
"1","[2016-09-20 09:20:00,2016-09-20 09:40:00)","0","68"
"1","[2016-09-20 09:20:00,2016-09-20 09:40:00)","1","142"
"3","[2016-09-20 09:20:00,2016-09-20 09:40:00)","0","142"
"3","[2016-09-20 09:20:00,2016-09-20 09:40:00)","1","222"
"2","[2016-09-20 09:20:00,2016-09-20 09:40:00)","0","99"
"1","[2016-09-20 09:40:00,2016-09-20 10:00:00)","0","59"
"1","[2016-09-20 09:40:00,2016-09-20 10:00:00)","1","173"
"3","[2016-09-20 09:40:00,2016-09-20 10:00:00)","0","144"
"3","[2016-09-20 09:40:00,2016-09-20 10:00:00)","1","174"
"2","[2016-09-20 09:40:00,2016-09-20 10:00:00)","0","87"
"1","[2016-09-20 17:00:00,2016-09-20 17:20:00)","0","38"
"1","[2016-09-20 17:00:00,2016-09-20 17:20:00)","1","111"
"3","[2016-09-20 17:00:00,2016-09-20 17:20:00)","0","126"
"3","[2016-09-20 17:00:00,2016-09-20 17:20:00)","1","84"
"2","[2016-09-20 17:00:00,2016-09-20 17:20:00)","0","82"
"1","[2016-09-20 17:20:00,2016-09-20 17:40:00)","0","42"
"1","[2016-09-20 17:20:00,2016-09-20 17:40:00)","1","110"
"3","[2016-09-20 17:20:00,2016-09-20 17:40:00)","0","116"
"3","[2016-09-20 17:20:00,2016-09-20 17:40:00)","1","86"
"2","[2016-09-20 17:20:00,2016-09-20 17:40:00)","0","86"
"1","[2016-09-20 17:40:00,2016-09-20 18:00:00)","0","38"
"1","[2016-09-20 17:40:00,2016-09-20 18:00:00)","1","133"
"3","[2016-09-20 17:40:00,2016-09-20 18:00:00)","0","95"
"3","[2016-09-20 17:40:00,2016-09-20 18:00:00)","1","106"
"2","[2016-09-20 17:40:00,2016-09-20 18:00:00)","0","85"
"1","[2016-09-20 18:00:00,2016-09-20 18:20:00)","0","26"
"1","[2016-09-20 18:00:00,2016-09-20 18:20:00)","1","78"
"3","[2016-09-20 18:00:00,2016-09-20 18:20:00)","0","81"
"3","[2016-09-20 18:00:00,2016-09-20 18:20:00)","1","90"
"2","[2016-09-20 18:00:00,2016-09-20 18:20:00)","0","77"
"1","[2016-09-20 18:20:00,2016-09-20 18:40:00)","0","29"
"1","[2016-09-20 18:20:00,2016-09-20 18:40:00)","1","60"
"3","[2016-09-20 18:20:00,2016-09-20 18:40:00)","0","100"
"3","[2016-09-20 18:20:00,2016-09-20 18:40:00)","1","84"
"2","[2016-09-20 18:20:00,2016-09-20 18:40:00)","0","60"
"1","[2016-09-20 18:40:00,2016-09-20 19:00:00)","0","20"
"1","[2016-09-20 18:40:00,2016-09-20 19:00:00)","1","53"
"3","[2016-09-20 18:40:00,2016-09-20 19:00:00)","0","63"
"3","[2016-09-20 18:40:00,2016-09-20 19:00:00)","1","88"
"2","[2016-09-20 18:40:00,2016-09-20 19:00:00)","0","56"
"1","[2016-09-21 08:00:00,2016-09-21 08:20:00)","0","122"
"1","[2016-09-21 08:00:00,2016-09-21 08:20:00)","1","100"
"3","[2016-09-21 08:00:00,2016-09-21 08:20:00)","0","135"
"3","[2016-09-21 08:00:00,2016-09-21 08:20:00)","1","126"
"2","[2016-09-21 08:00:00,2016-09-21 08:20:00)","0","37"
"1","[2016-09-21 08:20:00,2016-09-21 08:40:00)","0","126"
"1","[2016-09-21 08:20:00,2016-09-21 08:40:00)","1","105"
"3","[2016-09-21 08:20:00,2016-09-21 08:40:00)","0","163"
"3","[2016-09-21 08:20:00,2016-09-21 08:40:00)","1","122"
"2","[2016-09-21 08:20:00,2016-09-21 08:40:00)","0","30"
"1","[2016-09-21 08:40:00,2016-09-21 09:00:00)","0","77"
"1","[2016-09-21 08:40:00,2016-09-21 09:00:00)","1","119"
"3","[2016-09-21 08:40:00,2016-09-21 09:00:00)","0","120"
"3","[2016-09-21 08:40:00,2016-09-21 09:00:00)","1","149"
"2","[2016-09-21 08:40:00,2016-09-21 09:00:00)","0","66"
"1","[2016-09-21 09:00:00,2016-09-21 09:20:00)","0","49"
"1","[2016-09-21 09:00:00,2016-09-21 09:20:00)","1","137"
"3","[2016-09-21 09:00:00,2016-09-21 09:20:00)","0","139"
"3","[2016-09-21 09:00:00,2016-09-21 09:20:00)","1","131"
"2","[2016-09-21 09:00:00,2016-09-21 09:20:00)","0","104"
"1","[2016-09-21 09:20:00,2016-09-21 09:40:00)","0","55"
"1","[2016-09-21 09:20:00,2016-09-21 09:40:00)","1","132"
"3","[2016-09-21 09:20:00,2016-09-21 09:40:00)","0","120"
"3","[2016-09-21 09:20:00,2016-09-21 09:40:00)","1","83"
"2","[2016-09-21 09:20:00,2016-09-21 09:40:00)","0","100"
"1","[2016-09-21 09:40:00,2016-09-21 10:00:00)","0","53"
"1","[2016-09-21 09:40:00,2016-09-21 10:00:00)","1","122"
"3","[2016-09-21 09:40:00,2016-09-21 10:00:00)","0","130"
"3","[2016-09-21 09:40:00,2016-09-21 10:00:00)","1","78"
"2","[2016-09-21 09:40:00,2016-09-21 10:00:00)","0","80"
"1","[2016-09-21 17:00:00,2016-09-21 17:20:00)","0","47"
"1","[2016-09-21 17:00:00,2016-09-21 17:20:00)","1","94"
"3","[2016-09-21 17:00:00,2016-09-21 17:20:00)","0","118"
"3","[2016-09-21 17:00:00,2016-09-21 17:20:00)","1","77"
"2","[2016-09-21 17:00:00,2016-09-21 17:20:00)","0","88"
"1","[2016-09-21 17:20:00,2016-09-21 17:40:00)","0","35"
"1","[2016-09-21 17:20:00,2016-09-21 17:40:00)","1","109"
"3","[2016-09-21 17:20:00,2016-09-21 17:40:00)","0","116"
"3","[2016-09-21 17:20:00,2016-09-21 17:40:00)","1","94"
"2","[2016-09-21 17:20:00,2016-09-21 17:40:00)","0","77"
"1","[2016-09-21 17:40:00,2016-09-21 18:00:00)","0","20"
"1","[2016-09-21 17:40:00,2016-09-21 18:00:00)","1","94"
"3","[2016-09-21 17:40:00,2016-09-21 18:00:00)","0","100"
"3","[2016-09-21 17:40:00,2016-09-21 18:00:00)","1","95"
"2","[2016-09-21 17:40:00,2016-09-21 18:00:00)","0","83"
"1","[2016-09-21 18:00:00,2016-09-21 18:20:00)","0","20"
"1","[2016-09-21 18:00:00,2016-09-21 18:20:00)","1","74"
"3","[2016-09-21 18:00:00,2016-09-21 18:20:00)","0","90"
"3","[2016-09-21 18:00:00,2016-09-21 18:20:00)","1","67"
"2","[2016-09-21 18:00:00,2016-09-21 18:20:00)","0","58"
"1","[2016-09-21 18:20:00,2016-09-21 18:40:00)","0","20"
"1","[2016-09-21 18:20:00,2016-09-21 18:40:00)","1","85"
"3","[2016-09-21 18:20:00,2016-09-21 18:40:00)","0","72"
"3","[2016-09-21 18:20:00,2016-09-21 18:40:00)","1","75"
"2","[2016-09-21 18:20:00,2016-09-21 18:40:00)","0","72"
"1","[2016-09-21 18:40:00,2016-09-21 19:00:00)","0","24"
"1","[2016-09-21 18:40:00,2016-09-21 19:00:00)","1","78"
"3","[2016-09-21 18:40:00,2016-09-21 19:00:00)","0","52"
"3","[2016-09-21 18:40:00,2016-09-21 19:00:00)","1","68"
"2","[2016-09-21 18:40:00,2016-09-21 19:00:00)","0","49"
"1","[2016-09-22 08:00:00,2016-09-22 08:20:00)","0","50"
"1","[2016-09-22 08:00:00,2016-09-22 08:20:00)","1","106"
"3","[2016-09-22 08:00:00,2016-09-22 08:20:00)","0","164"
"3","[2016-09-22 08:00:00,2016-09-22 08:20:00)","1","121"
"2","[2016-09-22 08:00:00,2016-09-22 08:20:00)","0","108"
"1","[2016-09-22 08:20:00,2016-09-22 08:40:00)","0","58"
"1","[2016-09-22 08:20:00,2016-09-22 08:40:00)","1","98"
"3","[2016-09-22 08:20:00,2016-09-22 08:40:00)","0","160"
"3","[2016-09-22 08:20:00,2016-09-22 08:40:00)","1","127"
"2","[2016-09-22 08:20:00,2016-09-22 08:40:00)","0","110"
"1","[2016-09-22 08:40:00,2016-09-22 09:00:00)","0","51"
"1","[2016-09-22 08:40:00,2016-09-22 09:00:00)","1","111"
"3","[2016-09-22 08:40:00,2016-09-22 09:00:00)","0","172"
"3","[2016-09-22 08:40:00,2016-09-22 09:00:00)","1","136"
"2","[2016-09-22 08:40:00,2016-09-22 09:00:00)","0","101"
"1","[2016-09-22 09:00:00,2016-09-22 09:20:00)","0","43"
"1","[2016-09-22 09:00:00,2016-09-22 09:20:00)","1","123"
"3","[2016-09-22 09:00:00,2016-09-22 09:20:00)","0","151"
"3","[2016-09-22 09:00:00,2016-09-22 09:20:00)","1","116"
"2","[2016-09-22 09:00:00,2016-09-22 09:20:00)","0","96"
"1","[2016-09-22 09:20:00,2016-09-22 09:40:00)","0","52"
"1","[2016-09-22 09:20:00,2016-09-22 09:40:00)","1","107"
"3","[2016-09-22 09:20:00,2016-09-22 09:40:00)","0","132"
"3","[2016-09-22 09:20:00,2016-09-22 09:40:00)","1","110"
"2","[2016-09-22 09:20:00,2016-09-22 09:40:00)","0","81"
"1","[2016-09-22 09:40:00,2016-09-22 10:00:00)","0","59"
"1","[2016-09-22 09:40:00,2016-09-22 10:00:00)","1","110"
"3","[2016-09-22 09:40:00,2016-09-22 10:00:00)","0","101"
"3","[2016-09-22 09:40:00,2016-09-22 10:00:00)","1","96"
"2","[2016-09-22 09:40:00,2016-09-22 10:00:00)","0","65"
"1","[2016-09-22 17:00:00,2016-09-22 17:20:00)","0","29"
"1","[2016-09-22 17:00:00,2016-09-22 17:20:00)","1","114"
"3","[2016-09-22 17:00:00,2016-09-22 17:20:00)","0","131"
"3","[2016-09-22 17:00:00,2016-09-22 17:20:00)","1","78"
"2","[2016-09-22 17:00:00,2016-09-22 17:20:00)","0","71"
"1","[2016-09-22 17:20:00,2016-09-22 17:40:00)","0","36"
"1","[2016-09-22 17:20:00,2016-09-22 17:40:00)","1","102"
"3","[2016-09-22 17:20:00,2016-09-22 17:40:00)","0","122"
"3","[2016-09-22 17:20:00,2016-09-22 17:40:00)","1","86"
"2","[2016-09-22 17:20:00,2016-09-22 17:40:00)","0","76"
"1","[2016-09-22 17:40:00,2016-09-22 18:00:00)","0","33"
"1","[2016-09-22 17:40:00,2016-09-22 18:00:00)","1","113"
"3","[2016-09-22 17:40:00,2016-09-22 18:00:00)","0","117"
"3","[2016-09-22 17:40:00,2016-09-22 18:00:00)","1","78"
"2","[2016-09-22 17:40:00,2016-09-22 18:00:00)","0","70"
"1","[2016-09-22 18:00:00,2016-09-22 18:20:00)","0","26"
"1","[2016-09-22 18:00:00,2016-09-22 18:20:00)","1","81"
"3","[2016-09-22 18:00:00,2016-09-22 18:20:00)","0","83"
"3","[2016-09-22 18:00:00,2016-09-22 18:20:00)","1","54"
"2","[2016-09-22 18:00:00,2016-09-22 18:20:00)","0","83"
"1","[2016-09-22 18:20:00,2016-09-22 18:40:00)","0","21"
"1","[2016-09-22 18:20:00,2016-09-22 18:40:00)","1","83"
"3","[2016-09-22 18:20:00,2016-09-22 18:40:00)","0","86"
"3","[2016-09-22 18:20:00,2016-09-22 18:40:00)","1","53"
"2","[2016-09-22 18:20:00,2016-09-22 18:40:00)","0","63"
"1","[2016-09-22 18:40:00,2016-09-22 19:00:00)","0","24"
"1","[2016-09-22 18:40:00,2016-09-22 19:00:00)","1","88"
"3","[2016-09-22 18:40:00,2016-09-22 19:00:00)","0","65"
"3","[2016-09-22 18:40:00,2016-09-22 19:00:00)","1","99"
"2","[2016-09-22 18:40:00,2016-09-22 19:00:00)","0","53"
"1","[2016-09-23 08:00:00,2016-09-23 08:20:00)","0","49"
"1","[2016-09-23 08:00:00,2016-09-23 08:20:00)","1","110"
"3","[2016-09-23 08:00:00,2016-09-23 08:20:00)","0","149"
"3","[2016-09-23 08:00:00,2016-09-23 08:20:00)","1","118"
"2","[2016-09-23 08:00:00,2016-09-23 08:20:00)","0","112"
"1","[2016-09-23 08:20:00,2016-09-23 08:40:00)","0","68"
"1","[2016-09-23 08:20:00,2016-09-23 08:40:00)","1","127"
"3","[2016-09-23 08:20:00,2016-09-23 08:40:00)","0","132"
"3","[2016-09-23 08:20:00,2016-09-23 08:40:00)","1","135"
"2","[2016-09-23 08:20:00,2016-09-23 08:40:00)","0","106"
"1","[2016-09-23 08:40:00,2016-09-23 09:00:00)","0","50"
"1","[2016-09-23 08:40:00,2016-09-23 09:00:00)","1","112"
"3","[2016-09-23 08:40:00,2016-09-23 09:00:00)","0","161"
"3","[2016-09-23 08:40:00,2016-09-23 09:00:00)","1","154"
"2","[2016-09-23 08:40:00,2016-09-23 09:00:00)","0","118"
"1","[2016-09-23 09:00:00,2016-09-23 09:20:00)","0","41"
"1","[2016-09-23 09:00:00,2016-09-23 09:20:00)","1","129"
"3","[2016-09-23 09:00:00,2016-09-23 09:20:00)","0","176"
"3","[2016-09-23 09:00:00,2016-09-23 09:20:00)","1","134"
"2","[2016-09-23 09:00:00,2016-09-23 09:20:00)","0","92"
"1","[2016-09-23 09:20:00,2016-09-23 09:40:00)","0","52"
"1","[2016-09-23 09:20:00,2016-09-23 09:40:00)","1","107"
"3","[2016-09-23 09:20:00,2016-09-23 09:40:00)","0","157"
"3","[2016-09-23 09:20:00,2016-09-23 09:40:00)","1","137"
"2","[2016-09-23 09:20:00,2016-09-23 09:40:00)","0","93"
"1","[2016-09-23 09:40:00,2016-09-23 10:00:00)","0","44"
"1","[2016-09-23 09:40:00,2016-09-23 10:00:00)","1","105"
"3","[2016-09-23 09:40:00,2016-09-23 10:00:00)","0","137"
"3","[2016-09-23 09:40:00,2016-09-23 10:00:00)","1","96"
"2","[2016-09-23 09:40:00,2016-09-23 10:00:00)","0","76"
"1","[2016-09-23 17:00:00,2016-09-23 17:20:00)","0","45"
"1","[2016-09-23 17:00:00,2016-09-23 17:20:00)","1","113"
"3","[2016-09-23 17:00:00,2016-09-23 17:20:00)","0","130"
"3","[2016-09-23 17:00:00,2016-09-23 17:20:00)","1","86"
"2","[2016-09-23 17:00:00,2016-09-23 17:20:00)","0","95"
"1","[2016-09-23 17:20:00,2016-09-23 17:40:00)","0","38"
"1","[2016-09-23 17:20:00,2016-09-23 17:40:00)","1","105"
"3","[2016-09-23 17:20:00,2016-09-23 17:40:00)","0","108"
"3","[2016-09-23 17:20:00,2016-09-23 17:40:00)","1","110"
"2","[2016-09-23 17:20:00,2016-09-23 17:40:00)","0","92"
"1","[2016-09-23 17:40:00,2016-09-23 18:00:00)","0","46"
"1","[2016-09-23 17:40:00,2016-09-23 18:00:00)","1","141"
"3","[2016-09-23 17:40:00,2016-09-23 18:00:00)","0","137"
"3","[2016-09-23 17:40:00,2016-09-23 18:00:00)","1","121"
"2","[2016-09-23 17:40:00,2016-09-23 18:00:00)","0","95"
"1","[2016-09-23 18:00:00,2016-09-23 18:20:00)","0","40"
"1","[2016-09-23 18:00:00,2016-09-23 18:20:00)","1","93"
"3","[2016-09-23 18:00:00,2016-09-23 18:20:00)","0","98"
"3","[2016-09-23 18:00:00,2016-09-23 18:20:00)","1","100"
"2","[2016-09-23 18:00:00,2016-09-23 18:20:00)","0","80"
"1","[2016-09-23 18:20:00,2016-09-23 18:40:00)","0","45"
"1","[2016-09-23 18:20:00,2016-09-23 18:40:00)","1","96"
"3","[2016-09-23 18:20:00,2016-09-23 18:40:00)","0","129"
"3","[2016-09-23 18:20:00,2016-09-23 18:40:00)","1","95"
"2","[2016-09-23 18:20:00,2016-09-23 18:40:00)","0","71"
"1","[2016-09-23 18:40:00,2016-09-23 19:00:00)","0","32"
"1","[2016-09-23 18:40:00,2016-09-23 19:00:00)","1","108"
"3","[2016-09-23 18:40:00,2016-09-23 19:00:00)","0","80"
"3","[2016-09-23 18:40:00,2016-09-23 19:00:00)","1","96"
"2","[2016-09-23 18:40:00,2016-09-23 19:00:00)","0","80"
"1","[2016-09-24 08:00:00,2016-09-24 08:20:00)","0","43"
"1","[2016-09-24 08:00:00,2016-09-24 08:20:00)","1","95"
"3","[2016-09-24 08:00:00,2016-09-24 08:20:00)","0","114"
"3","[2016-09-24 08:00:00,2016-09-24 08:20:00)","1","122"
"2","[2016-09-24 08:00:00,2016-09-24 08:20:00)","0","74"
"1","[2016-09-24 08:20:00,2016-09-24 08:40:00)","0","64"
"1","[2016-09-24 08:20:00,2016-09-24 08:40:00)","1","101"
"3","[2016-09-24 08:20:00,2016-09-24 08:40:00)","0","121"
"3","[2016-09-24 08:20:00,2016-09-24 08:40:00)","1","113"
"2","[2016-09-24 08:20:00,2016-09-24 08:40:00)","0","86"
"1","[2016-09-24 08:40:00,2016-09-24 09:00:00)","0","71"
"1","[2016-09-24 08:40:00,2016-09-24 09:00:00)","1","102"
"3","[2016-09-24 08:40:00,2016-09-24 09:00:00)","0","127"
"3","[2016-09-24 08:40:00,2016-09-24 09:00:00)","1","107"
"2","[2016-09-24 08:40:00,2016-09-24 09:00:00)","0","91"
"1","[2016-09-24 09:00:00,2016-09-24 09:20:00)","0","52"
"1","[2016-09-24 09:00:00,2016-09-24 09:20:00)","1","82"
"3","[2016-09-24 09:00:00,2016-09-24 09:20:00)","0","117"
"3","[2016-09-24 09:00:00,2016-09-24 09:20:00)","1","115"
"2","[2016-09-24 09:00:00,2016-09-24 09:20:00)","0","94"
"1","[2016-09-24 09:20:00,2016-09-24 09:40:00)","0","68"
"1","[2016-09-24 09:20:00,2016-09-24 09:40:00)","1","86"
"3","[2016-09-24 09:20:00,2016-09-24 09:40:00)","0","113"
"3","[2016-09-24 09:20:00,2016-09-24 09:40:00)","1","128"
"2","[2016-09-24 09:20:00,2016-09-24 09:40:00)","0","96"
"1","[2016-09-24 09:40:00,2016-09-24 10:00:00)","0","66"
"1","[2016-09-24 09:40:00,2016-09-24 10:00:00)","1","78"
"3","[2016-09-24 09:40:00,2016-09-24 10:00:00)","0","134"
"3","[2016-09-24 09:40:00,2016-09-24 10:00:00)","1","124"
"2","[2016-09-24 09:40:00,2016-09-24 10:00:00)","0","100"
"1","[2016-09-24 17:00:00,2016-09-24 17:20:00)","0","73"
"1","[2016-09-24 17:00:00,2016-09-24 17:20:00)","1","94"
"3","[2016-09-24 17:00:00,2016-09-24 17:20:00)","0","167"
"3","[2016-09-24 17:00:00,2016-09-24 17:20:00)","1","87"
"2","[2016-09-24 17:00:00,2016-09-24 17:20:00)","0","71"
"1","[2016-09-24 17:20:00,2016-09-24 17:40:00)","0","55"
"1","[2016-09-24 17:20:00,2016-09-24 17:40:00)","1","85"
"3","[2016-09-24 17:20:00,2016-09-24 17:40:00)","0","124"
"3","[2016-09-24 17:20:00,2016-09-24 17:40:00)","1","88"
"2","[2016-09-24 17:20:00,2016-09-24 17:40:00)","0","89"
"1","[2016-09-24 17:40:00,2016-09-24 18:00:00)","0","32"
"1","[2016-09-24 17:40:00,2016-09-24 18:00:00)","1","105"
"3","[2016-09-24 17:40:00,2016-09-24 18:00:00)","0","102"
"3","[2016-09-24 17:40:00,2016-09-24 18:00:00)","1","87"
"2","[2016-09-24 17:40:00,2016-09-24 18:00:00)","0","85"
"1","[2016-09-24 18:00:00,2016-09-24 18:20:00)","0","42"
"1","[2016-09-24 18:00:00,2016-09-24 18:20:00)","1","78"
"3","[2016-09-24 18:00:00,2016-09-24 18:20:00)","0","108"
"3","[2016-09-24 18:00:00,2016-09-24 18:20:00)","1","57"
"2","[2016-09-24 18:00:00,2016-09-24 18:20:00)","0","34"
"1","[2016-09-24 18:20:00,2016-09-24 18:40:00)","0","35"
"1","[2016-09-24 18:20:00,2016-09-24 18:40:00)","1","75"
"3","[2016-09-24 18:20:00,2016-09-24 18:40:00)","0","108"
"3","[2016-09-24 18:20:00,2016-09-24 18:40:00)","1","77"
"2","[2016-09-24 18:20:00,2016-09-24 18:40:00)","0","-1"
"1","[2016-09-24 18:40:00,2016-09-24 19:00:00)","0","54"
"1","[2016-09-24 18:40:00,2016-09-24 19:00:00)","1","59"
"3","[2016-09-24 18:40:00,2016-09-24 19:00:00)","0","92"
"3","[2016-09-24 18:40:00,2016-09-24 19:00:00)","1","66"
"2","[2016-09-24 18:40:00,2016-09-24 19:00:00)","0","1"
"1","[2016-09-25 08:00:00,2016-09-25 08:20:00)","0","35"
"1","[2016-09-25 08:00:00,2016-09-25 08:20:00)","1","98"
"3","[2016-09-25 08:00:00,2016-09-25 08:20:00)","0","115"
"3","[2016-09-25 08:00:00,2016-09-25 08:20:00)","1","112"
"2","[2016-09-25 08:00:00,2016-09-25 08:20:00)","0","70"
"1","[2016-09-25 08:20:00,2016-09-25 08:40:00)","0","40"
"1","[2016-09-25 08:20:00,2016-09-25 08:40:00)","1","96"
"3","[2016-09-25 08:20:00,2016-09-25 08:40:00)","0","88"
"3","[2016-09-25 08:20:00,2016-09-25 08:40:00)","1","111"
"2","[2016-09-25 08:20:00,2016-09-25 08:40:00)","0","75"
"1","[2016-09-25 08:40:00,2016-09-25 09:00:00)","0","50"
"1","[2016-09-25 08:40:00,2016-09-25 09:00:00)","1","105"
"3","[2016-09-25 08:40:00,2016-09-25 09:00:00)","0","110"
"3","[2016-09-25 08:40:00,2016-09-25 09:00:00)","1","120"
"2","[2016-09-25 08:40:00,2016-09-25 09:00:00)","0","90"
"1","[2016-09-25 09:00:00,2016-09-25 09:20:00)","0","41"
"1","[2016-09-25 09:00:00,2016-09-25 09:20:00)","1","108"
"3","[2016-09-25 09:00:00,2016-09-25 09:20:00)","0","92"
"3","[2016-09-25 09:00:00,2016-09-25 09:20:00)","1","108"
"2","[2016-09-25 09:00:00,2016-09-25 09:20:00)","0","64"
"1","[2016-09-25 09:20:00,2016-09-25 09:40:00)","0","42"
"1","[2016-09-25 09:20:00,2016-09-25 09:40:00)","1","103"
"3","[2016-09-25 09:20:00,2016-09-25 09:40:00)","0","125"
"3","[2016-09-25 09:20:00,2016-09-25 09:40:00)","1","140"
"2","[2016-09-25 09:20:00,2016-09-25 09:40:00)","0","104"
"1","[2016-09-25 09:40:00,2016-09-25 10:00:00)","0","49"
"1","[2016-09-25 09:40:00,2016-09-25 10:00:00)","1","95"
"3","[2016-09-25 09:40:00,2016-09-25 10:00:00)","0","110"
"3","[2016-09-25 09:40:00,2016-09-25 10:00:00)","1","102"
"2","[2016-09-25 09:40:00,2016-09-25 10:00:00)","0","93"
"1","[2016-09-25 17:00:00,2016-09-25 17:20:00)","0","63"
"1","[2016-09-25 17:00:00,2016-09-25 17:20:00)","1","105"
"3","[2016-09-25 17:00:00,2016-09-25 17:20:00)","0","119"
"3","[2016-09-25 17:00:00,2016-09-25 17:20:00)","1","118"
"2","[2016-09-25 17:00:00,2016-09-25 17:20:00)","0","84"
"1","[2016-09-25 17:20:00,2016-09-25 17:40:00)","0","49"
"1","[2016-09-25 17:20:00,2016-09-25 17:40:00)","1","104"
"3","[2016-09-25 17:20:00,2016-09-25 17:40:00)","0","110"
"3","[2016-09-25 17:20:00,2016-09-25 17:40:00)","1","84"
"2","[2016-09-25 17:20:00,2016-09-25 17:40:00)","0","77"
"1","[2016-09-25 17:40:00,2016-09-25 18:00:00)","0","42"
"1","[2016-09-25 17:40:00,2016-09-25 18:00:00)","1","84"
"3","[2016-09-25 17:40:00,2016-09-25 18:00:00)","0","105"
"3","[2016-09-25 17:40:00,2016-09-25 18:00:00)","1","82"
"2","[2016-09-25 17:40:00,2016-09-25 18:00:00)","0","56"
"1","[2016-09-25 18:00:00,2016-09-25 18:20:00)","0","56"
"1","[2016-09-25 18:00:00,2016-09-25 18:20:00)","1","69"
"3","[2016-09-25 18:00:00,2016-09-25 18:20:00)","0","94"
"3","[2016-09-25 18:00:00,2016-09-25 18:20:00)","1","75"
"2","[2016-09-25 18:00:00,2016-09-25 18:20:00)","0","71"
"1","[2016-09-25 18:20:00,2016-09-25 18:40:00)","0","38"
"1","[2016-09-25 18:20:00,2016-09-25 18:40:00)","1","61"
"3","[2016-09-25 18:20:00,2016-09-25 18:40:00)","0","85"
"3","[2016-09-25 18:20:00,2016-09-25 18:40:00)","1","88"
"2","[2016-09-25 18:20:00,2016-09-25 18:40:00)","0","66"
"1","[2016-09-25 18:40:00,2016-09-25 19:00:00)","0","31"
"1","[2016-09-25 18:40:00,2016-09-25 19:00:00)","1","62"
"3","[2016-09-25 18:40:00,2016-09-25 19:00:00)","0","78"
"3","[2016-09-25 18:40:00,2016-09-25 19:00:00)","1","71"
"2","[2016-09-25 18:40:00,2016-09-25 19:00:00)","0","41"
"1","[2016-09-26 08:00:00,2016-09-26 08:20:00)","0","49"
"1","[2016-09-26 08:00:00,2016-09-26 08:20:00)","1","125"
"3","[2016-09-26 08:00:00,2016-09-26 08:20:00)","0","180"
"3","[2016-09-26 08:00:00,2016-09-26 08:20:00)","1","138"
"2","[2016-09-26 08:00:00,2016-09-26 08:20:00)","0","117"
"1","[2016-09-26 08:20:00,2016-09-26 08:40:00)","0","52"
"1","[2016-09-26 08:20:00,2016-09-26 08:40:00)","1","91"
"3","[2016-09-26 08:20:00,2016-09-26 08:40:00)","0","172"
"3","[2016-09-26 08:20:00,2016-09-26 08:40:00)","1","164"
"2","[2016-09-26 08:20:00,2016-09-26 08:40:00)","0","130"
"1","[2016-09-26 08:40:00,2016-09-26 09:00:00)","0","45"
"1","[2016-09-26 08:40:00,2016-09-26 09:00:00)","1","116"
"3","[2016-09-26 08:40:00,2016-09-26 09:00:00)","0","170"
"3","[2016-09-26 08:40:00,2016-09-26 09:00:00)","1","150"
"2","[2016-09-26 08:40:00,2016-09-26 09:00:00)","0","121"
"1","[2016-09-26 09:00:00,2016-09-26 09:20:00)","0","48"
"1","[2016-09-26 09:00:00,2016-09-26 09:20:00)","1","120"
"3","[2016-09-26 09:00:00,2016-09-26 09:20:00)","0","136"
"3","[2016-09-26 09:00:00,2016-09-26 09:20:00)","1","145"
"2","[2016-09-26 09:00:00,2016-09-26 09:20:00)","0","126"
"1","[2016-09-26 09:20:00,2016-09-26 09:40:00)","0","52"
"1","[2016-09-26 09:20:00,2016-09-26 09:40:00)","1","130"
"3","[2016-09-26 09:20:00,2016-09-26 09:40:00)","0","148"
"3","[2016-09-26 09:20:00,2016-09-26 09:40:00)","1","113"
"2","[2016-09-26 09:20:00,2016-09-26 09:40:00)","0","120"
"1","[2016-09-26 09:40:00,2016-09-26 10:00:00)","0","51"
"1","[2016-09-26 09:40:00,2016-09-26 10:00:00)","1","102"
"3","[2016-09-26 09:40:00,2016-09-26 10:00:00)","0","117"
"3","[2016-09-26 09:40:00,2016-09-26 10:00:00)","1","104"
"2","[2016-09-26 09:40:00,2016-09-26 10:00:00)","0","81"
"1","[2016-09-26 17:00:00,2016-09-26 17:20:00)","0","47"
"1","[2016-09-26 17:00:00,2016-09-26 17:20:00)","1","106"
"3","[2016-09-26 17:00:00,2016-09-26 17:20:00)","0","120"
"3","[2016-09-26 17:00:00,2016-09-26 17:20:00)","1","85"
"2","[2016-09-26 17:00:00,2016-09-26 17:20:00)","0","71"
"1","[2016-09-26 17:20:00,2016-09-26 17:40:00)","0","42"
"1","[2016-09-26 17:20:00,2016-09-26 17:40:00)","1","112"
"3","[2016-09-26 17:20:00,2016-09-26 17:40:00)","0","106"
"3","[2016-09-26 17:20:00,2016-09-26 17:40:00)","1","90"
"2","[2016-09-26 17:20:00,2016-09-26 17:40:00)","0","67"
"1","[2016-09-26 17:40:00,2016-09-26 18:00:00)","0","30"
"1","[2016-09-26 17:40:00,2016-09-26 18:00:00)","1","102"
"3","[2016-09-26 17:40:00,2016-09-26 18:00:00)","0","101"
"3","[2016-09-26 17:40:00,2016-09-26 18:00:00)","1","82"
"2","[2016-09-26 17:40:00,2016-09-26 18:00:00)","0","63"
"1","[2016-09-26 18:00:00,2016-09-26 18:20:00)","0","33"
"1","[2016-09-26 18:00:00,2016-09-26 18:20:00)","1","74"
"3","[2016-09-26 18:00:00,2016-09-26 18:20:00)","0","95"
"3","[2016-09-26 18:00:00,2016-09-26 18:20:00)","1","91"
"2","[2016-09-26 18:00:00,2016-09-26 18:20:00)","0","63"
"1","[2016-09-26 18:20:00,2016-09-26 18:40:00)","0","22"
"1","[2016-09-26 18:20:00,2016-09-26 18:40:00)","1","85"
"3","[2016-09-26 18:20:00,2016-09-26 18:40:00)","0","88"
"3","[2016-09-26 18:20:00,2016-09-26 18:40:00)","1","55"
"2","[2016-09-26 18:20:00,2016-09-26 18:40:00)","0","52"
"1","[2016-09-26 18:40:00,2016-09-26 19:00:00)","0","29"
"1","[2016-09-26 18:40:00,2016-09-26 19:00:00)","1","54"
"3","[2016-09-26 18:40:00,2016-09-26 19:00:00)","0","62"
"3","[2016-09-26 18:40:00,2016-09-26 19:00:00)","1","70"
"2","[2016-09-26 18:40:00,2016-09-26 19:00:00)","0","48"
"1","[2016-09-27 08:00:00,2016-09-27 08:20:00)","0","60"
"1","[2016-09-27 08:00:00,2016-09-27 08:20:00)","1","118"
"3","[2016-09-27 08:00:00,2016-09-27 08:20:00)","0","188"
"3","[2016-09-27 08:00:00,2016-09-27 08:20:00)","1","96"
"2","[2016-09-27 08:00:00,2016-09-27 08:20:00)","0","128"
"1","[2016-09-27 08:20:00,2016-09-27 08:40:00)","0","45"
"1","[2016-09-27 08:20:00,2016-09-27 08:40:00)","1","116"
"3","[2016-09-27 08:20:00,2016-09-27 08:40:00)","0","137"
"3","[2016-09-27 08:20:00,2016-09-27 08:40:00)","1","118"
"2","[2016-09-27 08:20:00,2016-09-27 08:40:00)","0","117"
"1","[2016-09-27 08:40:00,2016-09-27 09:00:00)","0","64"
"1","[2016-09-27 08:40:00,2016-09-27 09:00:00)","1","125"
"3","[2016-09-27 08:40:00,2016-09-27 09:00:00)","0","189"
"3","[2016-09-27 08:40:00,2016-09-27 09:00:00)","1","144"
"2","[2016-09-27 08:40:00,2016-09-27 09:00:00)","0","131"
"1","[2016-09-27 09:00:00,2016-09-27 09:20:00)","0","58"
"1","[2016-09-27 09:00:00,2016-09-27 09:20:00)","1","129"
"3","[2016-09-27 09:00:00,2016-09-27 09:20:00)","0","150"
"3","[2016-09-27 09:00:00,2016-09-27 09:20:00)","1","117"
"2","[2016-09-27 09:00:00,2016-09-27 09:20:00)","0","111"
"1","[2016-09-27 09:20:00,2016-09-27 09:40:00)","0","65"
"1","[2016-09-27 09:20:00,2016-09-27 09:40:00)","1","97"
"3","[2016-09-27 09:20:00,2016-09-27 09:40:00)","0","127"
"3","[2016-09-27 09:20:00,2016-09-27 09:40:00)","1","109"
"2","[2016-09-27 09:20:00,2016-09-27 09:40:00)","0","90"
"1","[2016-09-27 09:40:00,2016-09-27 10:00:00)","0","45"
"1","[2016-09-27 09:40:00,2016-09-27 10:00:00)","1","73"
"3","[2016-09-27 09:40:00,2016-09-27 10:00:00)","0","123"
"3","[2016-09-27 09:40:00,2016-09-27 10:00:00)","1","94"
"2","[2016-09-27 09:40:00,2016-09-27 10:00:00)","0","94"
"1","[2016-09-27 17:00:00,2016-09-27 17:20:00)","0","52"
"1","[2016-09-27 17:00:00,2016-09-27 17:20:00)","1","94"
"3","[2016-09-27 17:00:00,2016-09-27 17:20:00)","0","138"
"3","[2016-09-27 17:00:00,2016-09-27 17:20:00)","1","76"
"2","[2016-09-27 17:00:00,2016-09-27 17:20:00)","0","93"
"1","[2016-09-27 17:20:00,2016-09-27 17:40:00)","0","77"
"1","[2016-09-27 17:20:00,2016-09-27 17:40:00)","1","142"
"3","[2016-09-27 17:20:00,2016-09-27 17:40:00)","0","140"
"3","[2016-09-27 17:20:00,2016-09-27 17:40:00)","1","73"
"2","[2016-09-27 17:20:00,2016-09-27 17:40:00)","0","21"
"1","[2016-09-27 17:40:00,2016-09-27 18:00:00)","0","45"
"1","[2016-09-27 17:40:00,2016-09-27 18:00:00)","1","110"
"3","[2016-09-27 17:40:00,2016-09-27 18:00:00)","0","104"
"3","[2016-09-27 17:40:00,2016-09-27 18:00:00)","1","82"
"2","[2016-09-27 17:40:00,2016-09-27 18:00:00)","0","59"
"1","[2016-09-27 18:00:00,2016-09-27 18:20:00)","0","30"
"1","[2016-09-27 18:00:00,2016-09-27 18:20:00)","1","76"
"3","[2016-09-27 18:00:00,2016-09-27 18:20:00)","0","92"
"3","[2016-09-27 18:00:00,2016-09-27 18:20:00)","1","83"
"2","[2016-09-27 18:00:00,2016-09-27 18:20:00)","0","43"
"1","[2016-09-27 18:20:00,2016-09-27 18:40:00)","0","18"
"1","[2016-09-27 18:20:00,2016-09-27 18:40:00)","1","85"
"3","[2016-09-27 18:20:00,2016-09-27 18:40:00)","0","72"
"3","[2016-09-27 18:20:00,2016-09-27 18:40:00)","1","81"
"2","[2016-09-27 18:20:00,2016-09-27 18:40:00)","0","64"
"1","[2016-09-27 18:40:00,2016-09-27 19:00:00)","0","12"
"1","[2016-09-27 18:40:00,2016-09-27 19:00:00)","1","64"
"3","[2016-09-27 18:40:00,2016-09-27 19:00:00)","0","74"
"3","[2016-09-27 18:40:00,2016-09-27 19:00:00)","1","83"
"2","[2016-09-27 18:40:00,2016-09-27 19:00:00)","0","60"
"1","[2016-09-28 08:00:00,2016-09-28 08:20:00)","0","128"
"1","[2016-09-28 08:00:00,2016-09-28 08:20:00)","1","95"
"3","[2016-09-28 08:00:00,2016-09-28 08:20:00)","0","139"
"3","[2016-09-28 08:00:00,2016-09-28 08:20:00)","1","110"
"2","[2016-09-28 08:00:00,2016-09-28 08:20:00)","0","32"
"1","[2016-09-28 08:20:00,2016-09-28 08:40:00)","0","137"
"1","[2016-09-28 08:20:00,2016-09-28 08:40:00)","1","105"
"3","[2016-09-28 08:20:00,2016-09-28 08:40:00)","0","148"
"3","[2016-09-28 08:20:00,2016-09-28 08:40:00)","1","132"
"2","[2016-09-28 08:20:00,2016-09-28 08:40:00)","0","41"
"1","[2016-09-28 08:40:00,2016-09-28 09:00:00)","0","104"
"1","[2016-09-28 08:40:00,2016-09-28 09:00:00)","1","118"
"3","[2016-09-28 08:40:00,2016-09-28 09:00:00)","0","156"
"3","[2016-09-28 08:40:00,2016-09-28 09:00:00)","1","131"
"2","[2016-09-28 08:40:00,2016-09-28 09:00:00)","0","35"
"1","[2016-09-28 09:00:00,2016-09-28 09:20:00)","0","111"
"1","[2016-09-28 09:00:00,2016-09-28 09:20:00)","1","94"
"3","[2016-09-28 09:00:00,2016-09-28 09:20:00)","0","145"
"3","[2016-09-28 09:00:00,2016-09-28 09:20:00)","1","143"
"2","[2016-09-28 09:00:00,2016-09-28 09:20:00)","0","35"
"1","[2016-09-28 09:20:00,2016-09-28 09:40:00)","0","121"
"1","[2016-09-28 09:20:00,2016-09-28 09:40:00)","1","109"
"3","[2016-09-28 09:20:00,2016-09-28 09:40:00)","0","132"
"3","[2016-09-28 09:20:00,2016-09-28 09:40:00)","1","132"
"2","[2016-09-28 09:20:00,2016-09-28 09:40:00)","0","23"
"1","[2016-09-28 09:40:00,2016-09-28 10:00:00)","0","136"
"1","[2016-09-28 09:40:00,2016-09-28 10:00:00)","1","103"
"3","[2016-09-28 09:40:00,2016-09-28 10:00:00)","0","133"
"3","[2016-09-28 09:40:00,2016-09-28 10:00:00)","1","84"
"2","[2016-09-28 09:40:00,2016-09-28 10:00:00)","0","21"
"1","[2016-09-28 17:00:00,2016-09-28 17:20:00)","0","31"
"1","[2016-09-28 17:00:00,2016-09-28 17:20:00)","1","86"
"3","[2016-09-28 17:00:00,2016-09-28 17:20:00)","0","115"
"3","[2016-09-28 17:00:00,2016-09-28 17:20:00)","1","86"
"2","[2016-09-28 17:00:00,2016-09-28 17:20:00)","0","56"
"1","[2016-09-28 17:20:00,2016-09-28 17:40:00)","0","37"
"1","[2016-09-28 17:20:00,2016-09-28 17:40:00)","1","113"
"3","[2016-09-28 17:20:00,2016-09-28 17:40:00)","0","114"
"3","[2016-09-28 17:20:00,2016-09-28 17:40:00)","1","73"
"2","[2016-09-28 17:20:00,2016-09-28 17:40:00)","0","79"
"1","[2016-09-28 17:40:00,2016-09-28 18:00:00)","0","31"
"1","[2016-09-28 17:40:00,2016-09-28 18:00:00)","1","112"
"3","[2016-09-28 17:40:00,2016-09-28 18:00:00)","0","125"
"3","[2016-09-28 17:40:00,2016-09-28 18:00:00)","1","76"
"2","[2016-09-28 17:40:00,2016-09-28 18:00:00)","0","69"
"1","[2016-09-28 18:00:00,2016-09-28 18:20:00)","0","26"
"1","[2016-09-28 18:00:00,2016-09-28 18:20:00)","1","80"
"3","[2016-09-28 18:00:00,2016-09-28 18:20:00)","0","77"
"3","[2016-09-28 18:00:00,2016-09-28 18:20:00)","1","68"
"2","[2016-09-28 18:00:00,2016-09-28 18:20:00)","0","43"
"1","[2016-09-28 18:20:00,2016-09-28 18:40:00)","0","24"
"1","[2016-09-28 18:20:00,2016-09-28 18:40:00)","1","69"
"3","[2016-09-28 18:20:00,2016-09-28 18:40:00)","0","66"
"3","[2016-09-28 18:20:00,2016-09-28 18:40:00)","1","56"
"2","[2016-09-28 18:20:00,2016-09-28 18:40:00)","0","54"
"1","[2016-09-28 18:40:00,2016-09-28 19:00:00)","0","18"
"1","[2016-09-28 18:40:00,2016-09-28 19:00:00)","1","64"
"3","[2016-09-28 18:40:00,2016-09-28 19:00:00)","0","70"
"3","[2016-09-28 18:40:00,2016-09-28 19:00:00)","1","59"
"2","[2016-09-28 18:40:00,2016-09-28 19:00:00)","0","52"
"1","[2016-09-29 08:00:00,2016-09-29 08:20:00)","0","41"
"1","[2016-09-29 08:00:00,2016-09-29 08:20:00)","1","97"
"3","[2016-09-29 08:00:00,2016-09-29 08:20:00)","0","149"
"3","[2016-09-29 08:00:00,2016-09-29 08:20:00)","1","103"
"2","[2016-09-29 08:00:00,2016-09-29 08:20:00)","0","105"
"1","[2016-09-29 08:20:00,2016-09-29 08:40:00)","0","48"
"1","[2016-09-29 08:20:00,2016-09-29 08:40:00)","1","102"
"3","[2016-09-29 08:20:00,2016-09-29 08:40:00)","0","141"
"3","[2016-09-29 08:20:00,2016-09-29 08:40:00)","1","105"
"2","[2016-09-29 08:20:00,2016-09-29 08:40:00)","0","99"
"1","[2016-09-29 08:40:00,2016-09-29 09:00:00)","0","50"
"1","[2016-09-29 08:40:00,2016-09-29 09:00:00)","1","122"
"3","[2016-09-29 08:40:00,2016-09-29 09:00:00)","0","145"
"3","[2016-09-29 08:40:00,2016-09-29 09:00:00)","1","123"
"2","[2016-09-29 08:40:00,2016-09-29 09:00:00)","0","114"
"1","[2016-09-29 09:00:00,2016-09-29 09:20:00)","0","47"
"1","[2016-09-29 09:00:00,2016-09-29 09:20:00)","1","97"
"3","[2016-09-29 09:00:00,2016-09-29 09:20:00)","0","128"
"3","[2016-09-29 09:00:00,2016-09-29 09:20:00)","1","130"
"2","[2016-09-29 09:00:00,2016-09-29 09:20:00)","0","117"
"1","[2016-09-29 09:20:00,2016-09-29 09:40:00)","0","40"
"1","[2016-09-29 09:20:00,2016-09-29 09:40:00)","1","113"
"3","[2016-09-29 09:20:00,2016-09-29 09:40:00)","0","106"
"3","[2016-09-29 09:20:00,2016-09-29 09:40:00)","1","111"
"2","[2016-09-29 09:20:00,2016-09-29 09:40:00)","0","102"
"1","[2016-09-29 09:40:00,2016-09-29 10:00:00)","0","48"
"1","[2016-09-29 09:40:00,2016-09-29 10:00:00)","1","83"
"3","[2016-09-29 09:40:00,2016-09-29 10:00:00)","0","105"
"3","[2016-09-29 09:40:00,2016-09-29 10:00:00)","1","121"
"2","[2016-09-29 09:40:00,2016-09-29 10:00:00)","0","82"
"1","[2016-09-29 17:00:00,2016-09-29 17:20:00)","0","30"
"1","[2016-09-29 17:00:00,2016-09-29 17:20:00)","1","94"
"3","[2016-09-29 17:00:00,2016-09-29 17:20:00)","0","105"
"3","[2016-09-29 17:00:00,2016-09-29 17:20:00)","1","96"
"2","[2016-09-29 17:00:00,2016-09-29 17:20:00)","0","78"
"1","[2016-09-29 17:20:00,2016-09-29 17:40:00)","0","30"
"1","[2016-09-29 17:20:00,2016-09-29 17:40:00)","1","91"
"3","[2016-09-29 17:20:00,2016-09-29 17:40:00)","0","110"
"3","[2016-09-29 17:20:00,2016-09-29 17:40:00)","1","107"
"2","[2016-09-29 17:20:00,2016-09-29 17:40:00)","0","70"
"1","[2016-09-29 17:40:00,2016-09-29 18:00:00)","0","30"
"1","[2016-09-29 17:40:00,2016-09-29 18:00:00)","1","130"
"3","[2016-09-29 17:40:00,2016-09-29 18:00:00)","0","90"
"3","[2016-09-29 17:40:00,2016-09-29 18:00:00)","1","111"
"2","[2016-09-29 17:40:00,2016-09-29 18:00:00)","0","71"
"1","[2016-09-29 18:00:00,2016-09-29 18:20:00)","0","22"
"1","[2016-09-29 18:00:00,2016-09-29 18:20:00)","1","77"
"3","[2016-09-29 18:00:00,2016-09-29 18:20:00)","0","42"
"3","[2016-09-29 18:00:00,2016-09-29 18:20:00)","1","76"
"2","[2016-09-29 18:00:00,2016-09-29 18:20:00)","0","70"
"1","[2016-09-29 18:20:00,2016-09-29 18:40:00)","0","26"
"1","[2016-09-29 18:20:00,2016-09-29 18:40:00)","1","70"
"3","[2016-09-29 18:20:00,2016-09-29 18:40:00)","0","9"
"3","[2016-09-29 18:20:00,2016-09-29 18:40:00)","1","68"
"2","[2016-09-29 18:20:00,2016-09-29 18:40:00)","0","67"
"1","[2016-09-29 18:40:00,2016-09-29 19:00:00)","0","25"
"1","[2016-09-29 18:40:00,2016-09-29 19:00:00)","1","87"
"3","[2016-09-29 18:40:00,2016-09-29 19:00:00)","0","43"
"3","[2016-09-29 18:40:00,2016-09-29 19:00:00)","1","56"
"2","[2016-09-29 18:40:00,2016-09-29 19:00:00)","0","58"
"1","[2016-09-30 08:00:00,2016-09-30 08:20:00)","0","46"
"1","[2016-09-30 08:00:00,2016-09-30 08:20:00)","1","126"
"3","[2016-09-30 08:00:00,2016-09-30 08:20:00)","0","148"
"3","[2016-09-30 08:00:00,2016-09-30 08:20:00)","1","113"
"2","[2016-09-30 08:00:00,2016-09-30 08:20:00)","0","114"
"1","[2016-09-30 08:20:00,2016-09-30 08:40:00)","0","48"
"1","[2016-09-30 08:20:00,2016-09-30 08:40:00)","1","112"
"3","[2016-09-30 08:20:00,2016-09-30 08:40:00)","0","177"
"3","[2016-09-30 08:20:00,2016-09-30 08:40:00)","1","121"
"2","[2016-09-30 08:20:00,2016-09-30 08:40:00)","0","104"
"1","[2016-09-30 08:40:00,2016-09-30 09:00:00)","0","47"
"1","[2016-09-30 08:40:00,2016-09-30 09:00:00)","1","141"
"3","[2016-09-30 08:40:00,2016-09-30 09:00:00)","0","119"
"3","[2016-09-30 08:40:00,2016-09-30 09:00:00)","1","147"
"2","[2016-09-30 08:40:00,2016-09-30 09:00:00)","0","107"
"1","[2016-09-30 09:00:00,2016-09-30 09:20:00)","0","60"
"1","[2016-09-30 09:00:00,2016-09-30 09:20:00)","1","132"
"3","[2016-09-30 09:00:00,2016-09-30 09:20:00)","0","179"
"3","[2016-09-30 09:00:00,2016-09-30 09:20:00)","1","116"
"2","[2016-09-30 09:00:00,2016-09-30 09:20:00)","0","91"
"1","[2016-09-30 09:20:00,2016-09-30 09:40:00)","0","61"
"1","[2016-09-30 09:20:00,2016-09-30 09:40:00)","1","134"
"3","[2016-09-30 09:20:00,2016-09-30 09:40:00)","0","144"
"3","[2016-09-30 09:20:00,2016-09-30 09:40:00)","1","131"
"2","[2016-09-30 09:20:00,2016-09-30 09:40:00)","0","92"
"1","[2016-09-30 09:40:00,2016-09-30 10:00:00)","0","63"
"1","[2016-09-30 09:40:00,2016-09-30 10:00:00)","1","97"
"3","[2016-09-30 09:40:00,2016-09-30 10:00:00)","0","105"
"3","[2016-09-30 09:40:00,2016-09-30 10:00:00)","1","120"
"2","[2016-09-30 09:40:00,2016-09-30 10:00:00)","0","75"
"1","[2016-09-30 17:00:00,2016-09-30 17:20:00)","0","87"
"1","[2016-09-30 17:00:00,2016-09-30 17:20:00)","1","67"
"3","[2016-09-30 17:00:00,2016-09-30 17:20:00)","0","216"
"3","[2016-09-30 17:00:00,2016-09-30 17:20:00)","1","73"
"2","[2016-09-30 17:00:00,2016-09-30 17:20:00)","0","131"
"1","[2016-09-30 17:20:00,2016-09-30 17:40:00)","0","98"
"1","[2016-09-30 17:20:00,2016-09-30 17:40:00)","1","86"
"3","[2016-09-30 17:20:00,2016-09-30 17:40:00)","0","208"
"3","[2016-09-30 17:20:00,2016-09-30 17:40:00)","1","111"
"2","[2016-09-30 17:20:00,2016-09-30 17:40:00)","0","133"
"1","[2016-09-30 17:40:00,2016-09-30 18:00:00)","0","133"
"1","[2016-09-30 17:40:00,2016-09-30 18:00:00)","1","93"
"3","[2016-09-30 17:40:00,2016-09-30 18:00:00)","0","141"
"3","[2016-09-30 17:40:00,2016-09-30 18:00:00)","1","116"
"2","[2016-09-30 17:40:00,2016-09-30 18:00:00)","0","52"
"1","[2016-09-30 18:00:00,2016-09-30 18:20:00)","0","137"
"1","[2016-09-30 18:00:00,2016-09-30 18:20:00)","1","17"
"3","[2016-09-30 18:00:00,2016-09-30 18:20:00)","0","152"
"3","[2016-09-30 18:00:00,2016-09-30 18:20:00)","1","32"
"2","[2016-09-30 18:00:00,2016-09-30 18:20:00)","0","25"
"1","[2016-09-30 18:20:00,2016-09-30 18:40:00)","0","172"
"1","[2016-09-30 18:20:00,2016-09-30 18:40:00)","1","19"
"3","[2016-09-30 18:20:00,2016-09-30 18:40:00)","0","140"
"3","[2016-09-30 18:20:00,2016-09-30 18:40:00)","1","45"
"2","[2016-09-30 18:20:00,2016-09-30 18:40:00)","0","32"
"1","[2016-09-30 18:40:00,2016-09-30 19:00:00)","0","156"
"1","[2016-09-30 18:40:00,2016-09-30 19:00:00)","1","39"
"3","[2016-09-30 18:40:00,2016-09-30 19:00:00)","0","116"
"3","[2016-09-30 18:40:00,2016-09-30 19:00:00)","1","26"
"2","[2016-09-30 18:40:00,2016-09-30 19:00:00)","0","27"
"1","[2016-10-01 08:00:00,2016-10-01 08:20:00)","0","217"
"1","[2016-10-01 08:00:00,2016-10-01 08:20:00)","1","5"
"3","[2016-10-01 08:00:00,2016-10-01 08:20:00)","0","107"
"3","[2016-10-01 08:00:00,2016-10-01 08:20:00)","1","18"
"2","[2016-10-01 08:00:00,2016-10-01 08:20:00)","0","14"
"1","[2016-10-01 08:20:00,2016-10-01 08:40:00)","0","210"
"1","[2016-10-01 08:20:00,2016-10-01 08:40:00)","1","11"
"3","[2016-10-01 08:20:00,2016-10-01 08:40:00)","0","136"
"3","[2016-10-01 08:20:00,2016-10-01 08:40:00)","1","12"
"2","[2016-10-01 08:20:00,2016-10-01 08:40:00)","0","14"
"1","[2016-10-01 08:40:00,2016-10-01 09:00:00)","0","198"
"1","[2016-10-01 08:40:00,2016-10-01 09:00:00)","1","15"
"3","[2016-10-01 08:40:00,2016-10-01 09:00:00)","0","145"
"3","[2016-10-01 08:40:00,2016-10-01 09:00:00)","1","17"
"2","[2016-10-01 08:40:00,2016-10-01 09:00:00)","0","10"
"1","[2016-10-01 09:00:00,2016-10-01 09:20:00)","0","251"
"1","[2016-10-01 09:00:00,2016-10-01 09:20:00)","1","21"
"3","[2016-10-01 09:00:00,2016-10-01 09:20:00)","0","165"
"3","[2016-10-01 09:00:00,2016-10-01 09:20:00)","1","15"
"2","[2016-10-01 09:00:00,2016-10-01 09:20:00)","0","11"
"1","[2016-10-01 09:20:00,2016-10-01 09:40:00)","0","249"
"1","[2016-10-01 09:20:00,2016-10-01 09:40:00)","1","22"
"3","[2016-10-01 09:20:00,2016-10-01 09:40:00)","0","171"
"3","[2016-10-01 09:20:00,2016-10-01 09:40:00)","1","8"
"2","[2016-10-01 09:20:00,2016-10-01 09:40:00)","0","13"
"1","[2016-10-01 09:40:00,2016-10-01 10:00:00)","0","242"
"1","[2016-10-01 09:40:00,2016-10-01 10:00:00)","1","9"
"3","[2016-10-01 09:40:00,2016-10-01 10:00:00)","0","122"
"3","[2016-10-01 09:40:00,2016-10-01 10:00:00)","1","16"
"2","[2016-10-01 09:40:00,2016-10-01 10:00:00)","0","9"
"1","[2016-10-01 17:00:00,2016-10-01 17:20:00)","0","161"
"1","[2016-10-01 17:00:00,2016-10-01 17:20:00)","1","12"
"3","[2016-10-01 17:00:00,2016-10-01 17:20:00)","0","72"
"3","[2016-10-01 17:00:00,2016-10-01 17:20:00)","1","11"
"2","[2016-10-01 17:00:00,2016-10-01 17:20:00)","0","12"
"1","[2016-10-01 17:20:00,2016-10-01 17:40:00)","0","134"
"1","[2016-10-01 17:20:00,2016-10-01 17:40:00)","1","14"
"3","[2016-10-01 17:20:00,2016-10-01 17:40:00)","0","93"
"3","[2016-10-01 17:20:00,2016-10-01 17:40:00)","1","12"
"2","[2016-10-01 17:20:00,2016-10-01 17:40:00)","0","9"
"1","[2016-10-01 17:40:00,2016-10-01 18:00:00)","0","97"
"1","[2016-10-01 17:40:00,2016-10-01 18:00:00)","1","4"
"3","[2016-10-01 17:40:00,2016-10-01 18:00:00)","0","90"
"3","[2016-10-01 17:40:00,2016-10-01 18:00:00)","1","6"
"2","[2016-10-01 17:40:00,2016-10-01 18:00:00)","0","4"
"1","[2016-10-01 18:00:00,2016-10-01 18:20:00)","0","99"
"1","[2016-10-01 18:00:00,2016-10-01 18:20:00)","1","8"
"3","[2016-10-01 18:00:00,2016-10-01 18:20:00)","0","89"
"3","[2016-10-01 18:00:00,2016-10-01 18:20:00)","1","11"
"2","[2016-10-01 18:00:00,2016-10-01 18:20:00)","0","7"
"1","[2016-10-01 18:20:00,2016-10-01 18:40:00)","0","82"
"1","[2016-10-01 18:20:00,2016-10-01 18:40:00)","1","5"
"3","[2016-10-01 18:20:00,2016-10-01 18:40:00)","0","61"
"3","[2016-10-01 18:20:00,2016-10-01 18:40:00)","1","6"
"2","[2016-10-01 18:20:00,2016-10-01 18:40:00)","0","6"
"1","[2016-10-01 18:40:00,2016-10-01 19:00:00)","0","89"
"1","[2016-10-01 18:40:00,2016-10-01 19:00:00)","1","11"
"3","[2016-10-01 18:40:00,2016-10-01 19:00:00)","0","71"
"3","[2016-10-01 18:40:00,2016-10-01 19:00:00)","1","6"
"2","[2016-10-01 18:40:00,2016-10-01 19:00:00)","0","5"
"1","[2016-10-02 08:00:00,2016-10-02 08:20:00)","0","203"
"1","[2016-10-02 08:00:00,2016-10-02 08:20:00)","1","19"
"3","[2016-10-02 08:00:00,2016-10-02 08:20:00)","0","133"
"3","[2016-10-02 08:00:00,2016-10-02 08:20:00)","1","13"
"2","[2016-10-02 08:00:00,2016-10-02 08:20:00)","0","-1"
"1","[2016-10-02 08:20:00,2016-10-02 08:40:00)","0","237"
"1","[2016-10-02 08:20:00,2016-10-02 08:40:00)","1","13"
"3","[2016-10-02 08:20:00,2016-10-02 08:40:00)","0","141"
"3","[2016-10-02 08:20:00,2016-10-02 08:40:00)","1","14"
"2","[2016-10-02 08:20:00,2016-10-02 08:40:00)","0","15"
"1","[2016-10-02 08:40:00,2016-10-02 09:00:00)","0","277"
"1","[2016-10-02 08:40:00,2016-10-02 09:00:00)","1","6"
"3","[2016-10-02 08:40:00,2016-10-02 09:00:00)","0","146"
"3","[2016-10-02 08:40:00,2016-10-02 09:00:00)","1","8"
"2","[2016-10-02 08:40:00,2016-10-02 09:00:00)","0","18"
"1","[2016-10-02 09:00:00,2016-10-02 09:20:00)","0","266"
"1","[2016-10-02 09:00:00,2016-10-02 09:20:00)","1","14"
"3","[2016-10-02 09:00:00,2016-10-02 09:20:00)","0","175"
"3","[2016-10-02 09:00:00,2016-10-02 09:20:00)","1","24"
"2","[2016-10-02 09:00:00,2016-10-02 09:20:00)","0","14"
"1","[2016-10-02 09:20:00,2016-10-02 09:40:00)","0","271"
"1","[2016-10-02 09:20:00,2016-10-02 09:40:00)","1","9"
"3","[2016-10-02 09:20:00,2016-10-02 09:40:00)","0","161"
"3","[2016-10-02 09:20:00,2016-10-02 09:40:00)","1","20"
"2","[2016-10-02 09:20:00,2016-10-02 09:40:00)","0","11"
"1","[2016-10-02 09:40:00,2016-10-02 10:00:00)","0","211"
"1","[2016-10-02 09:40:00,2016-10-02 10:00:00)","1","8"
"3","[2016-10-02 09:40:00,2016-10-02 10:00:00)","0","147"
"3","[2016-10-02 09:40:00,2016-10-02 10:00:00)","1","13"
"2","[2016-10-02 09:40:00,2016-10-02 10:00:00)","0","8"
"1","[2016-10-02 17:00:00,2016-10-02 17:20:00)","0","166"
"1","[2016-10-02 17:00:00,2016-10-02 17:20:00)","1","5"
"3","[2016-10-02 17:00:00,2016-10-02 17:20:00)","0","98"
"3","[2016-10-02 17:00:00,2016-10-02 17:20:00)","1","7"
"2","[2016-10-02 17:00:00,2016-10-02 17:20:00)","0","11"
"1","[2016-10-02 17:20:00,2016-10-02 17:40:00)","0","132"
"1","[2016-10-02 17:20:00,2016-10-02 17:40:00)","1","18"
"3","[2016-10-02 17:20:00,2016-10-02 17:40:00)","0","100"
"3","[2016-10-02 17:20:00,2016-10-02 17:40:00)","1","18"
"2","[2016-10-02 17:20:00,2016-10-02 17:40:00)","0","10"
"1","[2016-10-02 17:40:00,2016-10-02 18:00:00)","0","108"
"1","[2016-10-02 17:40:00,2016-10-02 18:00:00)","1","16"
"3","[2016-10-02 17:40:00,2016-10-02 18:00:00)","0","98"
"3","[2016-10-02 17:40:00,2016-10-02 18:00:00)","1","9"
"2","[2016-10-02 17:40:00,2016-10-02 18:00:00)","0","4"
"1","[2016-10-02 18:00:00,2016-10-02 18:20:00)","0","97"
"1","[2016-10-02 18:00:00,2016-10-02 18:20:00)","1","14"
"3","[2016-10-02 18:00:00,2016-10-02 18:20:00)","0","80"
"3","[2016-10-02 18:00:00,2016-10-02 18:20:00)","1","8"
"2","[2016-10-02 18:00:00,2016-10-02 18:20:00)","0","2"
"1","[2016-10-02 18:20:00,2016-10-02 18:40:00)","0","116"
"1","[2016-10-02 18:20:00,2016-10-02 18:40:00)","1","11"
"3","[2016-10-02 18:20:00,2016-10-02 18:40:00)","0","62"
"3","[2016-10-02 18:20:00,2016-10-02 18:40:00)","1","15"
"2","[2016-10-02 18:20:00,2016-10-02 18:40:00)","0","3"
"1","[2016-10-02 18:40:00,2016-10-02 19:00:00)","0","77"
"1","[2016-10-02 18:40:00,2016-10-02 19:00:00)","1","9"
"3","[2016-10-02 18:40:00,2016-10-02 19:00:00)","0","67"
"3","[2016-10-02 18:40:00,2016-10-02 19:00:00)","1","5"
"2","[2016-10-02 18:40:00,2016-10-02 19:00:00)","0","2"
"1","[2016-10-03 08:00:00,2016-10-03 08:20:00)","0","189"
"1","[2016-10-03 08:00:00,2016-10-03 08:20:00)","1","15"
"3","[2016-10-03 08:00:00,2016-10-03 08:20:00)","0","131"
"3","[2016-10-03 08:00:00,2016-10-03 08:20:00)","1","15"
"2","[2016-10-03 08:00:00,2016-10-03 08:20:00)","0","8"
"1","[2016-10-03 08:20:00,2016-10-03 08:40:00)","0","196"
"1","[2016-10-03 08:20:00,2016-10-03 08:40:00)","1","21"
"3","[2016-10-03 08:20:00,2016-10-03 08:40:00)","0","136"
"3","[2016-10-03 08:20:00,2016-10-03 08:40:00)","1","16"
"2","[2016-10-03 08:20:00,2016-10-03 08:40:00)","0","8"
"1","[2016-10-03 08:40:00,2016-10-03 09:00:00)","0","204"
"1","[2016-10-03 08:40:00,2016-10-03 09:00:00)","1","15"
"3","[2016-10-03 08:40:00,2016-10-03 09:00:00)","0","139"
"3","[2016-10-03 08:40:00,2016-10-03 09:00:00)","1","20"
"2","[2016-10-03 08:40:00,2016-10-03 09:00:00)","0","6"
"1","[2016-10-03 09:00:00,2016-10-03 09:20:00)","0","90"
"1","[2016-10-03 09:00:00,2016-10-03 09:20:00)","1","13"
"3","[2016-10-03 09:00:00,2016-10-03 09:20:00)","0","200"
"3","[2016-10-03 09:00:00,2016-10-03 09:20:00)","1","19"
"2","[2016-10-03 09:00:00,2016-10-03 09:20:00)","0","-1"
"1","[2016-10-03 09:20:00,2016-10-03 09:40:00)","0","183"
"1","[2016-10-03 09:20:00,2016-10-03 09:40:00)","1","17"
"3","[2016-10-03 09:20:00,2016-10-03 09:40:00)","0","155"
"3","[2016-10-03 09:20:00,2016-10-03 09:40:00)","1","23"
"2","[2016-10-03 09:20:00,2016-10-03 09:40:00)","0","-1"
"1","[2016-10-03 09:40:00,2016-10-03 10:00:00)","0","183"
"1","[2016-10-03 09:40:00,2016-10-03 10:00:00)","1","20"
"3","[2016-10-03 09:40:00,2016-10-03 10:00:00)","0","209"
"3","[2016-10-03 09:40:00,2016-10-03 10:00:00)","1","17"
"2","[2016-10-03 09:40:00,2016-10-03 10:00:00)","0","-1"
"1","[2016-10-03 17:00:00,2016-10-03 17:20:00)","0","153"
"1","[2016-10-03 17:00:00,2016-10-03 17:20:00)","1","11"
"3","[2016-10-03 17:00:00,2016-10-03 17:20:00)","0","97"
"3","[2016-10-03 17:00:00,2016-10-03 17:20:00)","1","14"
"2","[2016-10-03 17:00:00,2016-10-03 17:20:00)","0","5"
"1","[2016-10-03 17:20:00,2016-10-03 17:40:00)","0","116"
"1","[2016-10-03 17:20:00,2016-10-03 17:40:00)","1","15"
"3","[2016-10-03 17:20:00,2016-10-03 17:40:00)","0","96"
"3","[2016-10-03 17:20:00,2016-10-03 17:40:00)","1","9"
"2","[2016-10-03 17:20:00,2016-10-03 17:40:00)","0","7"
"1","[2016-10-03 17:40:00,2016-10-03 18:00:00)","0","111"
"1","[2016-10-03 17:40:00,2016-10-03 18:00:00)","1","10"
"3","[2016-10-03 17:40:00,2016-10-03 18:00:00)","0","92"
"3","[2016-10-03 17:40:00,2016-10-03 18:00:00)","1","7"
"2","[2016-10-03 17:40:00,2016-10-03 18:00:00)","0","5"
"1","[2016-10-03 18:00:00,2016-10-03 18:20:00)","0","111"
"1","[2016-10-03 18:00:00,2016-10-03 18:20:00)","1","7"
"3","[2016-10-03 18:00:00,2016-10-03 18:20:00)","0","79"
"3","[2016-10-03 18:00:00,2016-10-03 18:20:00)","1","12"
"2","[2016-10-03 18:00:00,2016-10-03 18:20:00)","0","3"
"1","[2016-10-03 18:20:00,2016-10-03 18:40:00)","0","96"
"1","[2016-10-03 18:20:00,2016-10-03 18:40:00)","1","10"
"3","[2016-10-03 18:20:00,2016-10-03 18:40:00)","0","78"
"3","[2016-10-03 18:20:00,2016-10-03 18:40:00)","1","20"
"2","[2016-10-03 18:20:00,2016-10-03 18:40:00)","0","9"
"1","[2016-10-03 18:40:00,2016-10-03 19:00:00)","0","84"
"1","[2016-10-03 18:40:00,2016-10-03 19:00:00)","1","11"
"3","[2016-10-03 18:40:00,2016-10-03 19:00:00)","0","72"
"3","[2016-10-03 18:40:00,2016-10-03 19:00:00)","1","11"
"2","[2016-10-03 18:40:00,2016-10-03 19:00:00)","0","4"
"1","[2016-10-04 08:00:00,2016-10-04 08:20:00)","0","175"
"1","[2016-10-04 08:00:00,2016-10-04 08:20:00)","1","26"
"3","[2016-10-04 08:00:00,2016-10-04 08:20:00)","0","123"
"3","[2016-10-04 08:00:00,2016-10-04 08:20:00)","1","15"
"2","[2016-10-04 08:00:00,2016-10-04 08:20:00)","0","4"
"1","[2016-10-04 08:20:00,2016-10-04 08:40:00)","0","192"
"1","[2016-10-04 08:20:00,2016-10-04 08:40:00)","1","20"
"3","[2016-10-04 08:20:00,2016-10-04 08:40:00)","0","132"
"3","[2016-10-04 08:20:00,2016-10-04 08:40:00)","1","20"
"2","[2016-10-04 08:20:00,2016-10-04 08:40:00)","0","8"
"1","[2016-10-04 08:40:00,2016-10-04 09:00:00)","0","215"
"1","[2016-10-04 08:40:00,2016-10-04 09:00:00)","1","23"
"3","[2016-10-04 08:40:00,2016-10-04 09:00:00)","0","171"
"3","[2016-10-04 08:40:00,2016-10-04 09:00:00)","1","35"
"2","[2016-10-04 08:40:00,2016-10-04 09:00:00)","0","8"
"1","[2016-10-04 09:00:00,2016-10-04 09:20:00)","0","232"
"1","[2016-10-04 09:00:00,2016-10-04 09:20:00)","1","26"
"3","[2016-10-04 09:00:00,2016-10-04 09:20:00)","0","170"
"3","[2016-10-04 09:00:00,2016-10-04 09:20:00)","1","26"
"2","[2016-10-04 09:00:00,2016-10-04 09:20:00)","0","10"
"1","[2016-10-04 09:20:00,2016-10-04 09:40:00)","0","207"
"1","[2016-10-04 09:20:00,2016-10-04 09:40:00)","1","20"
"3","[2016-10-04 09:20:00,2016-10-04 09:40:00)","0","149"
"3","[2016-10-04 09:20:00,2016-10-04 09:40:00)","1","25"
"2","[2016-10-04 09:20:00,2016-10-04 09:40:00)","0","9"
"1","[2016-10-04 09:40:00,2016-10-04 10:00:00)","0","229"
"1","[2016-10-04 09:40:00,2016-10-04 10:00:00)","1","23"
"3","[2016-10-04 09:40:00,2016-10-04 10:00:00)","0","108"
"3","[2016-10-04 09:40:00,2016-10-04 10:00:00)","1","23"
"2","[2016-10-04 09:40:00,2016-10-04 10:00:00)","0","11"
"1","[2016-10-04 17:00:00,2016-10-04 17:20:00)","0","205"
"1","[2016-10-04 17:00:00,2016-10-04 17:20:00)","1","12"
"3","[2016-10-04 17:00:00,2016-10-04 17:20:00)","0","127"
"3","[2016-10-04 17:00:00,2016-10-04 17:20:00)","1","8"
"2","[2016-10-04 17:00:00,2016-10-04 17:20:00)","0","19"
"1","[2016-10-04 17:20:00,2016-10-04 17:40:00)","0","193"
"1","[2016-10-04 17:20:00,2016-10-04 17:40:00)","1","18"
"3","[2016-10-04 17:20:00,2016-10-04 17:40:00)","0","95"
"3","[2016-10-04 17:20:00,2016-10-04 17:40:00)","1","7"
"2","[2016-10-04 17:20:00,2016-10-04 17:40:00)","0","15"
"1","[2016-10-04 17:40:00,2016-10-04 18:00:00)","0","173"
"1","[2016-10-04 17:40:00,2016-10-04 18:00:00)","1","14"
"3","[2016-10-04 17:40:00,2016-10-04 18:00:00)","0","111"
"3","[2016-10-04 17:40:00,2016-10-04 18:00:00)","1","18"
"2","[2016-10-04 17:40:00,2016-10-04 18:00:00)","0","8"
"1","[2016-10-04 18:00:00,2016-10-04 18:20:00)","0","131"
"1","[2016-10-04 18:00:00,2016-10-04 18:20:00)","1","14"
"3","[2016-10-04 18:00:00,2016-10-04 18:20:00)","0","112"
"3","[2016-10-04 18:00:00,2016-10-04 18:20:00)","1","15"
"2","[2016-10-04 18:00:00,2016-10-04 18:20:00)","0","6"
"1","[2016-10-04 18:20:00,2016-10-04 18:40:00)","0","107"
"1","[2016-10-04 18:20:00,2016-10-04 18:40:00)","1","11"
"3","[2016-10-04 18:20:00,2016-10-04 18:40:00)","0","85"
"3","[2016-10-04 18:20:00,2016-10-04 18:40:00)","1","11"
"2","[2016-10-04 18:20:00,2016-10-04 18:40:00)","0","9"
"1","[2016-10-04 18:40:00,2016-10-04 19:00:00)","0","111"
"1","[2016-10-04 18:40:00,2016-10-04 19:00:00)","1","11"
"3","[2016-10-04 18:40:00,2016-10-04 19:00:00)","0","94"
"3","[2016-10-04 18:40:00,2016-10-04 19:00:00)","1","7"
"2","[2016-10-04 18:40:00,2016-10-04 19:00:00)","0","7"
"1","[2016-10-05 08:00:00,2016-10-05 08:20:00)","0","130"
"1","[2016-10-05 08:00:00,2016-10-05 08:20:00)","1","16"
"3","[2016-10-05 08:00:00,2016-10-05 08:20:00)","0","150"
"3","[2016-10-05 08:00:00,2016-10-05 08:20:00)","1","20"
"2","[2016-10-05 08:00:00,2016-10-05 08:20:00)","0","12"
"1","[2016-10-05 08:20:00,2016-10-05 08:40:00)","0","192"
"1","[2016-10-05 08:20:00,2016-10-05 08:40:00)","1","22"
"3","[2016-10-05 08:20:00,2016-10-05 08:40:00)","0","150"
"3","[2016-10-05 08:20:00,2016-10-05 08:40:00)","1","22"
"2","[2016-10-05 08:20:00,2016-10-05 08:40:00)","0","15"
"1","[2016-10-05 08:40:00,2016-10-05 09:00:00)","0","182"
"1","[2016-10-05 08:40:00,2016-10-05 09:00:00)","1","24"
"3","[2016-10-05 08:40:00,2016-10-05 09:00:00)","0","157"
"3","[2016-10-05 08:40:00,2016-10-05 09:00:00)","1","24"
"2","[2016-10-05 08:40:00,2016-10-05 09:00:00)","0","10"
"1","[2016-10-05 09:00:00,2016-10-05 09:20:00)","0","165"
"1","[2016-10-05 09:00:00,2016-10-05 09:20:00)","1","15"
"3","[2016-10-05 09:00:00,2016-10-05 09:20:00)","0","149"
"3","[2016-10-05 09:00:00,2016-10-05 09:20:00)","1","35"
"2","[2016-10-05 09:00:00,2016-10-05 09:20:00)","0","5"
"1","[2016-10-05 09:20:00,2016-10-05 09:40:00)","0","188"
"1","[2016-10-05 09:20:00,2016-10-05 09:40:00)","1","29"
"3","[2016-10-05 09:20:00,2016-10-05 09:40:00)","0","170"
"3","[2016-10-05 09:20:00,2016-10-05 09:40:00)","1","34"
"2","[2016-10-05 09:20:00,2016-10-05 09:40:00)","0","14"
"1","[2016-10-05 09:40:00,2016-10-05 10:00:00)","0","166"
"1","[2016-10-05 09:40:00,2016-10-05 10:00:00)","1","29"
"3","[2016-10-05 09:40:00,2016-10-05 10:00:00)","0","104"
"3","[2016-10-05 09:40:00,2016-10-05 10:00:00)","1","20"
"2","[2016-10-05 09:40:00,2016-10-05 10:00:00)","0","10"
"1","[2016-10-05 17:00:00,2016-10-05 17:20:00)","0","163"
"1","[2016-10-05 17:00:00,2016-10-05 17:20:00)","1","10"
"3","[2016-10-05 17:00:00,2016-10-05 17:20:00)","0","154"
"3","[2016-10-05 17:00:00,2016-10-05 17:20:00)","1","8"
"2","[2016-10-05 17:00:00,2016-10-05 17:20:00)","0","23"
"1","[2016-10-05 17:20:00,2016-10-05 17:40:00)","0","179"
"1","[2016-10-05 17:20:00,2016-10-05 17:40:00)","1","16"
"3","[2016-10-05 17:20:00,2016-10-05 17:40:00)","0","129"
"3","[2016-10-05 17:20:00,2016-10-05 17:40:00)","1","16"
"2","[2016-10-05 17:20:00,2016-10-05 17:40:00)","0","16"
"1","[2016-10-05 17:40:00,2016-10-05 18:00:00)","0","215"
"1","[2016-10-05 17:40:00,2016-10-05 18:00:00)","1","17"
"3","[2016-10-05 17:40:00,2016-10-05 18:00:00)","0","108"
"3","[2016-10-05 17:40:00,2016-10-05 18:00:00)","1","12"
"2","[2016-10-05 17:40:00,2016-10-05 18:00:00)","0","12"
"1","[2016-10-05 18:00:00,2016-10-05 18:20:00)","0","189"
"1","[2016-10-05 18:00:00,2016-10-05 18:20:00)","1","12"
"3","[2016-10-05 18:00:00,2016-10-05 18:20:00)","0","111"
"3","[2016-10-05 18:00:00,2016-10-05 18:20:00)","1","10"
"2","[2016-10-05 18:00:00,2016-10-05 18:20:00)","0","10"
"1","[2016-10-05 18:20:00,2016-10-05 18:40:00)","0","175"
"1","[2016-10-05 18:20:00,2016-10-05 18:40:00)","1","18"
"3","[2016-10-05 18:20:00,2016-10-05 18:40:00)","0","99"
"3","[2016-10-05 18:20:00,2016-10-05 18:40:00)","1","5"
"2","[2016-10-05 18:20:00,2016-10-05 18:40:00)","0","12"
"1","[2016-10-05 18:40:00,2016-10-05 19:00:00)","0","128"
"1","[2016-10-05 18:40:00,2016-10-05 19:00:00)","1","10"
"3","[2016-10-05 18:40:00,2016-10-05 19:00:00)","0","99"
"3","[2016-10-05 18:40:00,2016-10-05 19:00:00)","1","9"
"2","[2016-10-05 18:40:00,2016-10-05 19:00:00)","0","5"
"1","[2016-10-06 08:00:00,2016-10-06 08:20:00)","0","122"
"1","[2016-10-06 08:00:00,2016-10-06 08:20:00)","1","18"
"3","[2016-10-06 08:00:00,2016-10-06 08:20:00)","0","124"
"3","[2016-10-06 08:00:00,2016-10-06 08:20:00)","1","21"
"2","[2016-10-06 08:00:00,2016-10-06 08:20:00)","0","8"
"1","[2016-10-06 08:20:00,2016-10-06 08:40:00)","0","150"
"1","[2016-10-06 08:20:00,2016-10-06 08:40:00)","1","21"
"3","[2016-10-06 08:20:00,2016-10-06 08:40:00)","0","148"
"3","[2016-10-06 08:20:00,2016-10-06 08:40:00)","1","18"
"2","[2016-10-06 08:20:00,2016-10-06 08:40:00)","0","7"
"1","[2016-10-06 08:40:00,2016-10-06 09:00:00)","0","170"
"1","[2016-10-06 08:40:00,2016-10-06 09:00:00)","1","14"
"3","[2016-10-06 08:40:00,2016-10-06 09:00:00)","0","129"
"3","[2016-10-06 08:40:00,2016-10-06 09:00:00)","1","25"
"2","[2016-10-06 08:40:00,2016-10-06 09:00:00)","0","19"
"1","[2016-10-06 09:00:00,2016-10-06 09:20:00)","0","160"
"1","[2016-10-06 09:00:00,2016-10-06 09:20:00)","1","20"
"3","[2016-10-06 09:00:00,2016-10-06 09:20:00)","0","140"
"3","[2016-10-06 09:00:00,2016-10-06 09:20:00)","1","28"
"2","[2016-10-06 09:00:00,2016-10-06 09:20:00)","0","16"
"1","[2016-10-06 09:20:00,2016-10-06 09:40:00)","0","189"
"1","[2016-10-06 09:20:00,2016-10-06 09:40:00)","1","27"
"3","[2016-10-06 09:20:00,2016-10-06 09:40:00)","0","169"
"3","[2016-10-06 09:20:00,2016-10-06 09:40:00)","1","19"
"2","[2016-10-06 09:20:00,2016-10-06 09:40:00)","0","12"
"1","[2016-10-06 09:40:00,2016-10-06 10:00:00)","0","173"
"1","[2016-10-06 09:40:00,2016-10-06 10:00:00)","1","23"
"3","[2016-10-06 09:40:00,2016-10-06 10:00:00)","0","162"
"3","[2016-10-06 09:40:00,2016-10-06 10:00:00)","1","28"
"2","[2016-10-06 09:40:00,2016-10-06 10:00:00)","0","12"
"1","[2016-10-06 17:00:00,2016-10-06 17:20:00)","0","196"
"1","[2016-10-06 17:00:00,2016-10-06 17:20:00)","1","12"
"3","[2016-10-06 17:00:00,2016-10-06 17:20:00)","0","105"
"3","[2016-10-06 17:00:00,2016-10-06 17:20:00)","1","17"
"2","[2016-10-06 17:00:00,2016-10-06 17:20:00)","0","18"
"1","[2016-10-06 17:20:00,2016-10-06 17:40:00)","0","163"
"1","[2016-10-06 17:20:00,2016-10-06 17:40:00)","1","16"
"3","[2016-10-06 17:20:00,2016-10-06 17:40:00)","0","106"
"3","[2016-10-06 17:20:00,2016-10-06 17:40:00)","1","10"
"2","[2016-10-06 17:20:00,2016-10-06 17:40:00)","0","11"
"1","[2016-10-06 17:40:00,2016-10-06 18:00:00)","0","154"
"1","[2016-10-06 17:40:00,2016-10-06 18:00:00)","1","19"
"3","[2016-10-06 17:40:00,2016-10-06 18:00:00)","0","100"
"3","[2016-10-06 17:40:00,2016-10-06 18:00:00)","1","16"
"2","[2016-10-06 17:40:00,2016-10-06 18:00:00)","0","11"
"1","[2016-10-06 18:00:00,2016-10-06 18:20:00)","0","157"
"1","[2016-10-06 18:00:00,2016-10-06 18:20:00)","1","15"
"3","[2016-10-06 18:00:00,2016-10-06 18:20:00)","0","91"
"3","[2016-10-06 18:00:00,2016-10-06 18:20:00)","1","12"
"2","[2016-10-06 18:00:00,2016-10-06 18:20:00)","0","14"
"1","[2016-10-06 18:20:00,2016-10-06 18:40:00)","0","130"
"1","[2016-10-06 18:20:00,2016-10-06 18:40:00)","1","10"
"3","[2016-10-06 18:20:00,2016-10-06 18:40:00)","0","80"
"3","[2016-10-06 18:20:00,2016-10-06 18:40:00)","1","12"
"2","[2016-10-06 18:20:00,2016-10-06 18:40:00)","0","5"
"1","[2016-10-06 18:40:00,2016-10-06 19:00:00)","0","140"
"1","[2016-10-06 18:40:00,2016-10-06 19:00:00)","1","17"
"3","[2016-10-06 18:40:00,2016-10-06 19:00:00)","0","62"
"3","[2016-10-06 18:40:00,2016-10-06 19:00:00)","1","3"
"2","[2016-10-06 18:40:00,2016-10-06 19:00:00)","0","8"
"1","[2016-10-07 08:00:00,2016-10-07 08:20:00)","0","110"
"1","[2016-10-07 08:00:00,2016-10-07 08:20:00)","1","23"
"3","[2016-10-07 08:00:00,2016-10-07 08:20:00)","0","145"
"3","[2016-10-07 08:00:00,2016-10-07 08:20:00)","1","19"
"2","[2016-10-07 08:00:00,2016-10-07 08:20:00)","0","8"
"1","[2016-10-07 08:20:00,2016-10-07 08:40:00)","0","122"
"1","[2016-10-07 08:20:00,2016-10-07 08:40:00)","1","18"
"3","[2016-10-07 08:20:00,2016-10-07 08:40:00)","0","140"
"3","[2016-10-07 08:20:00,2016-10-07 08:40:00)","1","32"
"2","[2016-10-07 08:20:00,2016-10-07 08:40:00)","0","14"
"1","[2016-10-07 08:40:00,2016-10-07 09:00:00)","0","113"
"1","[2016-10-07 08:40:00,2016-10-07 09:00:00)","1","19"
"3","[2016-10-07 08:40:00,2016-10-07 09:00:00)","0","130"
"3","[2016-10-07 08:40:00,2016-10-07 09:00:00)","1","19"
"2","[2016-10-07 08:40:00,2016-10-07 09:00:00)","0","9"
"1","[2016-10-07 09:00:00,2016-10-07 09:20:00)","0","147"
"1","[2016-10-07 09:00:00,2016-10-07 09:20:00)","1","21"
"3","[2016-10-07 09:00:00,2016-10-07 09:20:00)","0","131"
"3","[2016-10-07 09:00:00,2016-10-07 09:20:00)","1","32"
"2","[2016-10-07 09:00:00,2016-10-07 09:20:00)","0","11"
"1","[2016-10-07 09:20:00,2016-10-07 09:40:00)","0","155"
"1","[2016-10-07 09:20:00,2016-10-07 09:40:00)","1","28"
"3","[2016-10-07 09:20:00,2016-10-07 09:40:00)","0","137"
"3","[2016-10-07 09:20:00,2016-10-07 09:40:00)","1","32"
"2","[2016-10-07 09:20:00,2016-10-07 09:40:00)","0","7"
"1","[2016-10-07 09:40:00,2016-10-07 10:00:00)","0","148"
"1","[2016-10-07 09:40:00,2016-10-07 10:00:00)","1","23"
"3","[2016-10-07 09:40:00,2016-10-07 10:00:00)","0","140"
"3","[2016-10-07 09:40:00,2016-10-07 10:00:00)","1","28"
"2","[2016-10-07 09:40:00,2016-10-07 10:00:00)","0","10"
"1","[2016-10-07 17:00:00,2016-10-07 17:20:00)","0","172"
"1","[2016-10-07 17:00:00,2016-10-07 17:20:00)","1","15"
"3","[2016-10-07 17:00:00,2016-10-07 17:20:00)","0","144"
"3","[2016-10-07 17:00:00,2016-10-07 17:20:00)","1","12"
"2","[2016-10-07 17:00:00,2016-10-07 17:20:00)","0","7"
"1","[2016-10-07 17:20:00,2016-10-07 17:40:00)","0","118"
"1","[2016-10-07 17:20:00,2016-10-07 17:40:00)","1","23"
"3","[2016-10-07 17:20:00,2016-10-07 17:40:00)","0","101"
"3","[2016-10-07 17:20:00,2016-10-07 17:40:00)","1","14"
"2","[2016-10-07 17:20:00,2016-10-07 17:40:00)","0","12"
"1","[2016-10-07 17:40:00,2016-10-07 18:00:00)","0","130"
"1","[2016-10-07 17:40:00,2016-10-07 18:00:00)","1","18"
"3","[2016-10-07 17:40:00,2016-10-07 18:00:00)","0","130"
"3","[2016-10-07 17:40:00,2016-10-07 18:00:00)","1","16"
"2","[2016-10-07 17:40:00,2016-10-07 18:00:00)","0","9"
"1","[2016-10-07 18:00:00,2016-10-07 18:20:00)","0","95"
"1","[2016-10-07 18:00:00,2016-10-07 18:20:00)","1","15"
"3","[2016-10-07 18:00:00,2016-10-07 18:20:00)","0","93"
"3","[2016-10-07 18:00:00,2016-10-07 18:20:00)","1","13"
"2","[2016-10-07 18:00:00,2016-10-07 18:20:00)","0","9"
"1","[2016-10-07 18:20:00,2016-10-07 18:40:00)","0","98"
"1","[2016-10-07 18:20:00,2016-10-07 18:40:00)","1","18"
"3","[2016-10-07 18:20:00,2016-10-07 18:40:00)","0","87"
"3","[2016-10-07 18:20:00,2016-10-07 18:40:00)","1","13"
"2","[2016-10-07 18:20:00,2016-10-07 18:40:00)","0","6"
"1","[2016-10-07 18:40:00,2016-10-07 19:00:00)","0","64"
"1","[2016-10-07 18:40:00,2016-10-07 19:00:00)","1","10"
"3","[2016-10-07 18:40:00,2016-10-07 19:00:00)","0","85"
"3","[2016-10-07 18:40:00,2016-10-07 19:00:00)","1","12"
"2","[2016-10-07 18:40:00,2016-10-07 19:00:00)","0","6"
"1","[2016-10-08 08:00:00,2016-10-08 08:20:00)","0","31"
"1","[2016-10-08 08:00:00,2016-10-08 08:20:00)","1","96"
"3","[2016-10-08 08:00:00,2016-10-08 08:20:00)","0","137"
"3","[2016-10-08 08:00:00,2016-10-08 08:20:00)","1","128"
"2","[2016-10-08 08:00:00,2016-10-08 08:20:00)","0","106"
"1","[2016-10-08 08:20:00,2016-10-08 08:40:00)","0","39"
"1","[2016-10-08 08:20:00,2016-10-08 08:40:00)","1","117"
"3","[2016-10-08 08:20:00,2016-10-08 08:40:00)","0","152"
"3","[2016-10-08 08:20:00,2016-10-08 08:40:00)","1","129"
"2","[2016-10-08 08:20:00,2016-10-08 08:40:00)","0","93"
"1","[2016-10-08 08:40:00,2016-10-08 09:00:00)","0","38"
"1","[2016-10-08 08:40:00,2016-10-08 09:00:00)","1","82"
"3","[2016-10-08 08:40:00,2016-10-08 09:00:00)","0","145"
"3","[2016-10-08 08:40:00,2016-10-08 09:00:00)","1","142"
"2","[2016-10-08 08:40:00,2016-10-08 09:00:00)","0","83"
"1","[2016-10-08 09:00:00,2016-10-08 09:20:00)","0","35"
"1","[2016-10-08 09:00:00,2016-10-08 09:20:00)","1","113"
"3","[2016-10-08 09:00:00,2016-10-08 09:20:00)","0","148"
"3","[2016-10-08 09:00:00,2016-10-08 09:20:00)","1","132"
"2","[2016-10-08 09:00:00,2016-10-08 09:20:00)","0","83"
"1","[2016-10-08 09:20:00,2016-10-08 09:40:00)","0","31"
"1","[2016-10-08 09:20:00,2016-10-08 09:40:00)","1","73"
"3","[2016-10-08 09:20:00,2016-10-08 09:40:00)","0","137"
"3","[2016-10-08 09:20:00,2016-10-08 09:40:00)","1","127"
"2","[2016-10-08 09:20:00,2016-10-08 09:40:00)","0","99"
"1","[2016-10-08 09:40:00,2016-10-08 10:00:00)","0","38"
"1","[2016-10-08 09:40:00,2016-10-08 10:00:00)","1","130"
"3","[2016-10-08 09:40:00,2016-10-08 10:00:00)","0","120"
"3","[2016-10-08 09:40:00,2016-10-08 10:00:00)","1","101"
"2","[2016-10-08 09:40:00,2016-10-08 10:00:00)","0","86"
"1","[2016-10-08 17:00:00,2016-10-08 17:20:00)","0","37"
"1","[2016-10-08 17:00:00,2016-10-08 17:20:00)","1","92"
"3","[2016-10-08 17:00:00,2016-10-08 17:20:00)","0","99"
"3","[2016-10-08 17:00:00,2016-10-08 17:20:00)","1","87"
"2","[2016-10-08 17:00:00,2016-10-08 17:20:00)","0","63"
"1","[2016-10-08 17:20:00,2016-10-08 17:40:00)","0","23"
"1","[2016-10-08 17:20:00,2016-10-08 17:40:00)","1","109"
"3","[2016-10-08 17:20:00,2016-10-08 17:40:00)","0","106"
"3","[2016-10-08 17:20:00,2016-10-08 17:40:00)","1","88"
"2","[2016-10-08 17:20:00,2016-10-08 17:40:00)","0","60"
"1","[2016-10-08 17:40:00,2016-10-08 18:00:00)","0","26"
"1","[2016-10-08 17:40:00,2016-10-08 18:00:00)","1","104"
"3","[2016-10-08 17:40:00,2016-10-08 18:00:00)","0","99"
"3","[2016-10-08 17:40:00,2016-10-08 18:00:00)","1","89"
"2","[2016-10-08 17:40:00,2016-10-08 18:00:00)","0","60"
"1","[2016-10-08 18:00:00,2016-10-08 18:20:00)","0","20"
"1","[2016-10-08 18:00:00,2016-10-08 18:20:00)","1","84"
"3","[2016-10-08 18:00:00,2016-10-08 18:20:00)","0","72"
"3","[2016-10-08 18:00:00,2016-10-08 18:20:00)","1","61"
"2","[2016-10-08 18:00:00,2016-10-08 18:20:00)","0","46"
"1","[2016-10-08 18:20:00,2016-10-08 18:40:00)","0","28"
"1","[2016-10-08 18:20:00,2016-10-08 18:40:00)","1","70"
"3","[2016-10-08 18:20:00,2016-10-08 18:40:00)","0","66"
"3","[2016-10-08 18:20:00,2016-10-08 18:40:00)","1","71"
"2","[2016-10-08 18:20:00,2016-10-08 18:40:00)","0","54"
"1","[2016-10-08 18:40:00,2016-10-08 19:00:00)","0","20"
"1","[2016-10-08 18:40:00,2016-10-08 19:00:00)","1","61"
"3","[2016-10-08 18:40:00,2016-10-08 19:00:00)","0","52"
"3","[2016-10-08 18:40:00,2016-10-08 19:00:00)","1","81"
"2","[2016-10-08 18:40:00,2016-10-08 19:00:00)","0","37"
"1","[2016-10-09 08:00:00,2016-10-09 08:20:00)","0","46"
"1","[2016-10-09 08:00:00,2016-10-09 08:20:00)","1","117"
"3","[2016-10-09 08:00:00,2016-10-09 08:20:00)","0","136"
"3","[2016-10-09 08:00:00,2016-10-09 08:20:00)","1","112"
"2","[2016-10-09 08:00:00,2016-10-09 08:20:00)","0","125"
"1","[2016-10-09 08:20:00,2016-10-09 08:40:00)","0","39"
"1","[2016-10-09 08:20:00,2016-10-09 08:40:00)","1","121"
"3","[2016-10-09 08:20:00,2016-10-09 08:40:00)","0","156"
"3","[2016-10-09 08:20:00,2016-10-09 08:40:00)","1","109"
"2","[2016-10-09 08:20:00,2016-10-09 08:40:00)","0","114"
"1","[2016-10-09 08:40:00,2016-10-09 09:00:00)","0","35"
"1","[2016-10-09 08:40:00,2016-10-09 09:00:00)","1","103"
"3","[2016-10-09 08:40:00,2016-10-09 09:00:00)","0","145"
"3","[2016-10-09 08:40:00,2016-10-09 09:00:00)","1","105"
"2","[2016-10-09 08:40:00,2016-10-09 09:00:00)","0","113"
"1","[2016-10-09 09:00:00,2016-10-09 09:20:00)","0","45"
"1","[2016-10-09 09:00:00,2016-10-09 09:20:00)","1","127"
"3","[2016-10-09 09:00:00,2016-10-09 09:20:00)","0","128"
"3","[2016-10-09 09:00:00,2016-10-09 09:20:00)","1","109"
"2","[2016-10-09 09:00:00,2016-10-09 09:20:00)","0","125"
"1","[2016-10-09 09:20:00,2016-10-09 09:40:00)","0","41"
"1","[2016-10-09 09:20:00,2016-10-09 09:40:00)","1","93"
"3","[2016-10-09 09:20:00,2016-10-09 09:40:00)","0","122"
"3","[2016-10-09 09:20:00,2016-10-09 09:40:00)","1","102"
"2","[2016-10-09 09:20:00,2016-10-09 09:40:00)","0","94"
"1","[2016-10-09 09:40:00,2016-10-09 10:00:00)","0","41"
"1","[2016-10-09 09:40:00,2016-10-09 10:00:00)","1","75"
"3","[2016-10-09 09:40:00,2016-10-09 10:00:00)","0","97"
"3","[2016-10-09 09:40:00,2016-10-09 10:00:00)","1","82"
"2","[2016-10-09 09:40:00,2016-10-09 10:00:00)","0","80"
"1","[2016-10-09 17:00:00,2016-10-09 17:20:00)","0","33"
"1","[2016-10-09 17:00:00,2016-10-09 17:20:00)","1","127"
"3","[2016-10-09 17:00:00,2016-10-09 17:20:00)","0","113"
"3","[2016-10-09 17:00:00,2016-10-09 17:20:00)","1","76"
"2","[2016-10-09 17:00:00,2016-10-09 17:20:00)","0","69"
"1","[2016-10-09 17:20:00,2016-10-09 17:40:00)","0","28"
"1","[2016-10-09 17:20:00,2016-10-09 17:40:00)","1","110"
"3","[2016-10-09 17:20:00,2016-10-09 17:40:00)","0","99"
"3","[2016-10-09 17:20:00,2016-10-09 17:40:00)","1","91"
"2","[2016-10-09 17:20:00,2016-10-09 17:40:00)","0","83"
"1","[2016-10-09 17:40:00,2016-10-09 18:00:00)","0","32"
"1","[2016-10-09 17:40:00,2016-10-09 18:00:00)","1","105"
"3","[2016-10-09 17:40:00,2016-10-09 18:00:00)","0","98"
"3","[2016-10-09 17:40:00,2016-10-09 18:00:00)","1","93"
"2","[2016-10-09 17:40:00,2016-10-09 18:00:00)","0","73"
"1","[2016-10-09 18:00:00,2016-10-09 18:20:00)","0","20"
"1","[2016-10-09 18:00:00,2016-10-09 18:20:00)","1","56"
"3","[2016-10-09 18:00:00,2016-10-09 18:20:00)","0","88"
"3","[2016-10-09 18:00:00,2016-10-09 18:20:00)","1","70"
"2","[2016-10-09 18:00:00,2016-10-09 18:20:00)","0","70"
"1","[2016-10-09 18:20:00,2016-10-09 18:40:00)","0","29"
"1","[2016-10-09 18:20:00,2016-10-09 18:40:00)","1","80"
"3","[2016-10-09 18:20:00,2016-10-09 18:40:00)","0","62"
"3","[2016-10-09 18:20:00,2016-10-09 18:40:00)","1","80"
"2","[2016-10-09 18:20:00,2016-10-09 18:40:00)","0","48"
"1","[2016-10-09 18:40:00,2016-10-09 19:00:00)","0","23"
"1","[2016-10-09 18:40:00,2016-10-09 19:00:00)","1","56"
"3","[2016-10-09 18:40:00,2016-10-09 19:00:00)","0","64"
"3","[2016-10-09 18:40:00,2016-10-09 19:00:00)","1","73"
"2","[2016-10-09 18:40:00,2016-10-09 19:00:00)","0","54"
"1","[2016-10-10 08:00:00,2016-10-10 08:20:00)","0","47"
"1","[2016-10-10 08:00:00,2016-10-10 08:20:00)","1","111"
"3","[2016-10-10 08:00:00,2016-10-10 08:20:00)","0","153"
"3","[2016-10-10 08:00:00,2016-10-10 08:20:00)","1","124"
"2","[2016-10-10 08:00:00,2016-10-10 08:20:00)","0","129"
"1","[2016-10-10 08:20:00,2016-10-10 08:40:00)","0","44"
"1","[2016-10-10 08:20:00,2016-10-10 08:40:00)","1","114"
"3","[2016-10-10 08:20:00,2016-10-10 08:40:00)","0","150"
"3","[2016-10-10 08:20:00,2016-10-10 08:40:00)","1","99"
"2","[2016-10-10 08:20:00,2016-10-10 08:40:00)","0","120"
"1","[2016-10-10 08:40:00,2016-10-10 09:00:00)","0","57"
"1","[2016-10-10 08:40:00,2016-10-10 09:00:00)","1","103"
"3","[2016-10-10 08:40:00,2016-10-10 09:00:00)","0","135"
"3","[2016-10-10 08:40:00,2016-10-10 09:00:00)","1","138"
"2","[2016-10-10 08:40:00,2016-10-10 09:00:00)","0","117"
"1","[2016-10-10 09:00:00,2016-10-10 09:20:00)","0","51"
"1","[2016-10-10 09:00:00,2016-10-10 09:20:00)","1","131"
"3","[2016-10-10 09:00:00,2016-10-10 09:20:00)","0","141"
"3","[2016-10-10 09:00:00,2016-10-10 09:20:00)","1","120"
"2","[2016-10-10 09:00:00,2016-10-10 09:20:00)","0","121"
"1","[2016-10-10 09:20:00,2016-10-10 09:40:00)","0","44"
"1","[2016-10-10 09:20:00,2016-10-10 09:40:00)","1","123"
"3","[2016-10-10 09:20:00,2016-10-10 09:40:00)","0","153"
"3","[2016-10-10 09:20:00,2016-10-10 09:40:00)","1","109"
"2","[2016-10-10 09:20:00,2016-10-10 09:40:00)","0","92"
"1","[2016-10-10 09:40:00,2016-10-10 10:00:00)","0","53"
"1","[2016-10-10 09:40:00,2016-10-10 10:00:00)","1","107"
"3","[2016-10-10 09:40:00,2016-10-10 10:00:00)","0","114"
"3","[2016-10-10 09:40:00,2016-10-10 10:00:00)","1","95"
"2","[2016-10-10 09:40:00,2016-10-10 10:00:00)","0","90"
"1","[2016-10-10 17:00:00,2016-10-10 17:20:00)","0","41"
"1","[2016-10-10 17:00:00,2016-10-10 17:20:00)","1","109"
"3","[2016-10-10 17:00:00,2016-10-10 17:20:00)","0","110"
"3","[2016-10-10 17:00:00,2016-10-10 17:20:00)","1","79"
"2","[2016-10-10 17:00:00,2016-10-10 17:20:00)","0","85"
"1","[2016-10-10 17:20:00,2016-10-10 17:40:00)","0","22"
"1","[2016-10-10 17:20:00,2016-10-10 17:40:00)","1","124"
"3","[2016-10-10 17:20:00,2016-10-10 17:40:00)","0","121"
"3","[2016-10-10 17:20:00,2016-10-10 17:40:00)","1","94"
"2","[2016-10-10 17:20:00,2016-10-10 17:40:00)","0","65"
"1","[2016-10-10 17:40:00,2016-10-10 18:00:00)","0","16"
"1","[2016-10-10 17:40:00,2016-10-10 18:00:00)","1","110"
"3","[2016-10-10 17:40:00,2016-10-10 18:00:00)","0","88"
"3","[2016-10-10 17:40:00,2016-10-10 18:00:00)","1","117"
"2","[2016-10-10 17:40:00,2016-10-10 18:00:00)","0","55"
"1","[2016-10-10 18:00:00,2016-10-10 18:20:00)","0","20"
"1","[2016-10-10 18:00:00,2016-10-10 18:20:00)","1","53"
"3","[2016-10-10 18:00:00,2016-10-10 18:20:00)","0","71"
"3","[2016-10-10 18:00:00,2016-10-10 18:20:00)","1","63"
"2","[2016-10-10 18:00:00,2016-10-10 18:20:00)","0","59"
"1","[2016-10-10 18:20:00,2016-10-10 18:40:00)","0","28"
"1","[2016-10-10 18:20:00,2016-10-10 18:40:00)","1","81"
"3","[2016-10-10 18:20:00,2016-10-10 18:40:00)","0","79"
"3","[2016-10-10 18:20:00,2016-10-10 18:40:00)","1","64"
"2","[2016-10-10 18:20:00,2016-10-10 18:40:00)","0","53"
"1","[2016-10-10 18:40:00,2016-10-10 19:00:00)","0","23"
"1","[2016-10-10 18:40:00,2016-10-10 19:00:00)","1","71"
"3","[2016-10-10 18:40:00,2016-10-10 19:00:00)","0","64"
"3","[2016-10-10 18:40:00,2016-10-10 19:00:00)","1","72"
"2","[2016-10-10 18:40:00,2016-10-10 19:00:00)","0","41"
"1","[2016-10-11 08:00:00,2016-10-11 08:20:00)","0","49"
"1","[2016-10-11 08:00:00,2016-10-11 08:20:00)","1","130"
"3","[2016-10-11 08:00:00,2016-10-11 08:20:00)","0","168"
"3","[2016-10-11 08:00:00,2016-10-11 08:20:00)","1","116"
"2","[2016-10-11 08:00:00,2016-10-11 08:20:00)","0","122"
"1","[2016-10-11 08:20:00,2016-10-11 08:40:00)","0","49"
"1","[2016-10-11 08:20:00,2016-10-11 08:40:00)","1","108"
"3","[2016-10-11 08:20:00,2016-10-11 08:40:00)","0","136"
"3","[2016-10-11 08:20:00,2016-10-11 08:40:00)","1","111"
"2","[2016-10-11 08:20:00,2016-10-11 08:40:00)","0","106"
"1","[2016-10-11 08:40:00,2016-10-11 09:00:00)","0","40"
"1","[2016-10-11 08:40:00,2016-10-11 09:00:00)","1","126"
"3","[2016-10-11 08:40:00,2016-10-11 09:00:00)","0","172"
"3","[2016-10-11 08:40:00,2016-10-11 09:00:00)","1","129"
"2","[2016-10-11 08:40:00,2016-10-11 09:00:00)","0","123"
"1","[2016-10-11 09:00:00,2016-10-11 09:20:00)","0","45"
"1","[2016-10-11 09:00:00,2016-10-11 09:20:00)","1","129"
"3","[2016-10-11 09:00:00,2016-10-11 09:20:00)","0","141"
"3","[2016-10-11 09:00:00,2016-10-11 09:20:00)","1","118"
"2","[2016-10-11 09:00:00,2016-10-11 09:20:00)","0","106"
"1","[2016-10-11 09:20:00,2016-10-11 09:40:00)","0","47"
"1","[2016-10-11 09:20:00,2016-10-11 09:40:00)","1","108"
"3","[2016-10-11 09:20:00,2016-10-11 09:40:00)","0","122"
"3","[2016-10-11 09:20:00,2016-10-11 09:40:00)","1","115"
"2","[2016-10-11 09:20:00,2016-10-11 09:40:00)","0","92"
"1","[2016-10-11 09:40:00,2016-10-11 10:00:00)","0","44"
"1","[2016-10-11 09:40:00,2016-10-11 10:00:00)","1","123"
"3","[2016-10-11 09:40:00,2016-10-11 10:00:00)","0","122"
"3","[2016-10-11 09:40:00,2016-10-11 10:00:00)","1","92"
"2","[2016-10-11 09:40:00,2016-10-11 10:00:00)","0","71"
"1","[2016-10-11 17:00:00,2016-10-11 17:20:00)","0","39"
"1","[2016-10-11 17:00:00,2016-10-11 17:20:00)","1","75"
"3","[2016-10-11 17:00:00,2016-10-11 17:20:00)","0","114"
"3","[2016-10-11 17:00:00,2016-10-11 17:20:00)","1","98"
"2","[2016-10-11 17:00:00,2016-10-11 17:20:00)","0","95"
"1","[2016-10-11 17:20:00,2016-10-11 17:40:00)","0","30"
"1","[2016-10-11 17:20:00,2016-10-11 17:40:00)","1","93"
"3","[2016-10-11 17:20:00,2016-10-11 17:40:00)","0","118"
"3","[2016-10-11 17:20:00,2016-10-11 17:40:00)","1","89"
"2","[2016-10-11 17:20:00,2016-10-11 17:40:00)","0","66"
"1","[2016-10-11 17:40:00,2016-10-11 18:00:00)","0","24"
"1","[2016-10-11 17:40:00,2016-10-11 18:00:00)","1","109"
"3","[2016-10-11 17:40:00,2016-10-11 18:00:00)","0","111"
"3","[2016-10-11 17:40:00,2016-10-11 18:00:00)","1","118"
"2","[2016-10-11 17:40:00,2016-10-11 18:00:00)","0","76"
"1","[2016-10-11 18:00:00,2016-10-11 18:20:00)","0","27"
"1","[2016-10-11 18:00:00,2016-10-11 18:20:00)","1","66"
"3","[2016-10-11 18:00:00,2016-10-11 18:20:00)","0","105"
"3","[2016-10-11 18:00:00,2016-10-11 18:20:00)","1","78"
"2","[2016-10-11 18:00:00,2016-10-11 18:20:00)","0","54"
"1","[2016-10-11 18:20:00,2016-10-11 18:40:00)","0","33"
"1","[2016-10-11 18:20:00,2016-10-11 18:40:00)","1","83"
"3","[2016-10-11 18:20:00,2016-10-11 18:40:00)","0","72"
"3","[2016-10-11 18:20:00,2016-10-11 18:40:00)","1","76"
"2","[2016-10-11 18:20:00,2016-10-11 18:40:00)","0","56"
"1","[2016-10-11 18:40:00,2016-10-11 19:00:00)","0","25"
"1","[2016-10-11 18:40:00,2016-10-11 19:00:00)","1","62"
"3","[2016-10-11 18:40:00,2016-10-11 19:00:00)","0","60"
"3","[2016-10-11 18:40:00,2016-10-11 19:00:00)","1","75"
"2","[2016-10-11 18:40:00,2016-10-11 19:00:00)","0","50"
"1","[2016-10-12 08:00:00,2016-10-12 08:20:00)","0","45"
"1","[2016-10-12 08:00:00,2016-10-12 08:20:00)","1","114"
"3","[2016-10-12 08:00:00,2016-10-12 08:20:00)","0","151"
"3","[2016-10-12 08:00:00,2016-10-12 08:20:00)","1","99"
"2","[2016-10-12 08:00:00,2016-10-12 08:20:00)","0","129"
"1","[2016-10-12 08:20:00,2016-10-12 08:40:00)","0","54"
"1","[2016-10-12 08:20:00,2016-10-12 08:40:00)","1","111"
"3","[2016-10-12 08:20:00,2016-10-12 08:40:00)","0","146"
"3","[2016-10-12 08:20:00,2016-10-12 08:40:00)","1","114"
"2","[2016-10-12 08:20:00,2016-10-12 08:40:00)","0","124"
"1","[2016-10-12 08:40:00,2016-10-12 09:00:00)","0","55"
"1","[2016-10-12 08:40:00,2016-10-12 09:00:00)","1","109"
"3","[2016-10-12 08:40:00,2016-10-12 09:00:00)","0","160"
"3","[2016-10-12 08:40:00,2016-10-12 09:00:00)","1","137"
"2","[2016-10-12 08:40:00,2016-10-12 09:00:00)","0","114"
"1","[2016-10-12 09:00:00,2016-10-12 09:20:00)","0","44"
"1","[2016-10-12 09:00:00,2016-10-12 09:20:00)","1","122"
"3","[2016-10-12 09:00:00,2016-10-12 09:20:00)","0","146"
"3","[2016-10-12 09:00:00,2016-10-12 09:20:00)","1","109"
"2","[2016-10-12 09:00:00,2016-10-12 09:20:00)","0","112"
"1","[2016-10-12 09:20:00,2016-10-12 09:40:00)","0","51"
"1","[2016-10-12 09:20:00,2016-10-12 09:40:00)","1","116"
"3","[2016-10-12 09:20:00,2016-10-12 09:40:00)","0","107"
"3","[2016-10-12 09:20:00,2016-10-12 09:40:00)","1","114"
"2","[2016-10-12 09:20:00,2016-10-12 09:40:00)","0","108"
"1","[2016-10-12 09:40:00,2016-10-12 10:00:00)","0","34"
"1","[2016-10-12 09:40:00,2016-10-12 10:00:00)","1","100"
"3","[2016-10-12 09:40:00,2016-10-12 10:00:00)","0","112"
"3","[2016-10-12 09:40:00,2016-10-12 10:00:00)","1","107"
"2","[2016-10-12 09:40:00,2016-10-12 10:00:00)","0","86"
"1","[2016-10-12 17:00:00,2016-10-12 17:20:00)","0","42"
"1","[2016-10-12 17:00:00,2016-10-12 17:20:00)","1","89"
"3","[2016-10-12 17:00:00,2016-10-12 17:20:00)","0","111"
"3","[2016-10-12 17:00:00,2016-10-12 17:20:00)","1","99"
"2","[2016-10-12 17:00:00,2016-10-12 17:20:00)","0","81"
"1","[2016-10-12 17:20:00,2016-10-12 17:40:00)","0","26"
"1","[2016-10-12 17:20:00,2016-10-12 17:40:00)","1","132"
"3","[2016-10-12 17:20:00,2016-10-12 17:40:00)","0","139"
"3","[2016-10-12 17:20:00,2016-10-12 17:40:00)","1","88"
"2","[2016-10-12 17:20:00,2016-10-12 17:40:00)","0","82"
"1","[2016-10-12 17:40:00,2016-10-12 18:00:00)","0","26"
"1","[2016-10-12 17:40:00,2016-10-12 18:00:00)","1","129"
"3","[2016-10-12 17:40:00,2016-10-12 18:00:00)","0","99"
"3","[2016-10-12 17:40:00,2016-10-12 18:00:00)","1","90"
"2","[2016-10-12 17:40:00,2016-10-12 18:00:00)","0","76"
"1","[2016-10-12 18:00:00,2016-10-12 18:20:00)","0","29"
"1","[2016-10-12 18:00:00,2016-10-12 18:20:00)","1","48"
"3","[2016-10-12 18:00:00,2016-10-12 18:20:00)","0","89"
"3","[2016-10-12 18:00:00,2016-10-12 18:20:00)","1","88"
"2","[2016-10-12 18:00:00,2016-10-12 18:20:00)","0","66"
"1","[2016-10-12 18:20:00,2016-10-12 18:40:00)","0","25"
"1","[2016-10-12 18:20:00,2016-10-12 18:40:00)","1","82"
"3","[2016-10-12 18:20:00,2016-10-12 18:40:00)","0","91"
"3","[2016-10-12 18:20:00,2016-10-12 18:40:00)","1","59"
"2","[2016-10-12 18:20:00,2016-10-12 18:40:00)","0","66"
"1","[2016-10-12 18:40:00,2016-10-12 19:00:00)","0","21"
"1","[2016-10-12 18:40:00,2016-10-12 19:00:00)","1","66"
"3","[2016-10-12 18:40:00,2016-10-12 19:00:00)","0","50"
"3","[2016-10-12 18:40:00,2016-10-12 19:00:00)","1","99"
"2","[2016-10-12 18:40:00,2016-10-12 19:00:00)","0","55"
"1","[2016-10-13 08:00:00,2016-10-13 08:20:00)","0","51"
"1","[2016-10-13 08:00:00,2016-10-13 08:20:00)","1","107"
"3","[2016-10-13 08:00:00,2016-10-13 08:20:00)","0","162"
"3","[2016-10-13 08:00:00,2016-10-13 08:20:00)","1","119"
"2","[2016-10-13 08:00:00,2016-10-13 08:20:00)","0","112"
"1","[2016-10-13 08:20:00,2016-10-13 08:40:00)","0","59"
"1","[2016-10-13 08:20:00,2016-10-13 08:40:00)","1","114"
"3","[2016-10-13 08:20:00,2016-10-13 08:40:00)","0","157"
"3","[2016-10-13 08:20:00,2016-10-13 08:40:00)","1","115"
"2","[2016-10-13 08:20:00,2016-10-13 08:40:00)","0","121"
"1","[2016-10-13 08:40:00,2016-10-13 09:00:00)","0","42"
"1","[2016-10-13 08:40:00,2016-10-13 09:00:00)","1","130"
"3","[2016-10-13 08:40:00,2016-10-13 09:00:00)","0","148"
"3","[2016-10-13 08:40:00,2016-10-13 09:00:00)","1","131"
"2","[2016-10-13 08:40:00,2016-10-13 09:00:00)","0","121"
"1","[2016-10-13 09:00:00,2016-10-13 09:20:00)","0","65"
"1","[2016-10-13 09:00:00,2016-10-13 09:20:00)","1","122"
"3","[2016-10-13 09:00:00,2016-10-13 09:20:00)","0","148"
"3","[2016-10-13 09:00:00,2016-10-13 09:20:00)","1","112"
"2","[2016-10-13 09:00:00,2016-10-13 09:20:00)","0","127"
"1","[2016-10-13 09:20:00,2016-10-13 09:40:00)","0","46"
"1","[2016-10-13 09:20:00,2016-10-13 09:40:00)","1","98"
"3","[2016-10-13 09:20:00,2016-10-13 09:40:00)","0","140"
"3","[2016-10-13 09:20:00,2016-10-13 09:40:00)","1","118"
"2","[2016-10-13 09:20:00,2016-10-13 09:40:00)","0","101"
"1","[2016-10-13 09:40:00,2016-10-13 10:00:00)","0","59"
"1","[2016-10-13 09:40:00,2016-10-13 10:00:00)","1","114"
"3","[2016-10-13 09:40:00,2016-10-13 10:00:00)","0","131"
"3","[2016-10-13 09:40:00,2016-10-13 10:00:00)","1","94"
"2","[2016-10-13 09:40:00,2016-10-13 10:00:00)","0","77"
"1","[2016-10-13 17:00:00,2016-10-13 17:20:00)","0","54"
"1","[2016-10-13 17:00:00,2016-10-13 17:20:00)","1","114"
"3","[2016-10-13 17:00:00,2016-10-13 17:20:00)","0","114"
"3","[2016-10-13 17:00:00,2016-10-13 17:20:00)","1","88"
"2","[2016-10-13 17:00:00,2016-10-13 17:20:00)","0","77"
"1","[2016-10-13 17:20:00,2016-10-13 17:40:00)","0","45"
"1","[2016-10-13 17:20:00,2016-10-13 17:40:00)","1","94"
"3","[2016-10-13 17:20:00,2016-10-13 17:40:00)","0","123"
"3","[2016-10-13 17:20:00,2016-10-13 17:40:00)","1","96"
"2","[2016-10-13 17:20:00,2016-10-13 17:40:00)","0","80"
"1","[2016-10-13 17:40:00,2016-10-13 18:00:00)","0","39"
"1","[2016-10-13 17:40:00,2016-10-13 18:00:00)","1","120"
"3","[2016-10-13 17:40:00,2016-10-13 18:00:00)","0","113"
"3","[2016-10-13 17:40:00,2016-10-13 18:00:00)","1","105"
"2","[2016-10-13 17:40:00,2016-10-13 18:00:00)","0","80"
"1","[2016-10-13 18:00:00,2016-10-13 18:20:00)","0","34"
"1","[2016-10-13 18:00:00,2016-10-13 18:20:00)","1","53"
"3","[2016-10-13 18:00:00,2016-10-13 18:20:00)","0","89"
"3","[2016-10-13 18:00:00,2016-10-13 18:20:00)","1","87"
"2","[2016-10-13 18:00:00,2016-10-13 18:20:00)","0","73"
"1","[2016-10-13 18:20:00,2016-10-13 18:40:00)","0","33"
"1","[2016-10-13 18:20:00,2016-10-13 18:40:00)","1","73"
"3","[2016-10-13 18:20:00,2016-10-13 18:40:00)","0","70"
"3","[2016-10-13 18:20:00,2016-10-13 18:40:00)","1","80"
"2","[2016-10-13 18:20:00,2016-10-13 18:40:00)","0","70"
"1","[2016-10-13 18:40:00,2016-10-13 19:00:00)","0","23"
"1","[2016-10-13 18:40:00,2016-10-13 19:00:00)","1","76"
"3","[2016-10-13 18:40:00,2016-10-13 19:00:00)","0","64"
"3","[2016-10-13 18:40:00,2016-10-13 19:00:00)","1","75"
"2","[2016-10-13 18:40:00,2016-10-13 19:00:00)","0","52"
"1","[2016-10-14 08:00:00,2016-10-14 08:20:00)","0","34"
"1","[2016-10-14 08:00:00,2016-10-14 08:20:00)","1","108"
"3","[2016-10-14 08:00:00,2016-10-14 08:20:00)","0","158"
"3","[2016-10-14 08:00:00,2016-10-14 08:20:00)","1","99"
"2","[2016-10-14 08:00:00,2016-10-14 08:20:00)","0","112"
"1","[2016-10-14 08:20:00,2016-10-14 08:40:00)","0","59"
"1","[2016-10-14 08:20:00,2016-10-14 08:40:00)","1","107"
"3","[2016-10-14 08:20:00,2016-10-14 08:40:00)","0","180"
"3","[2016-10-14 08:20:00,2016-10-14 08:40:00)","1","134"
"2","[2016-10-14 08:20:00,2016-10-14 08:40:00)","0","132"
"1","[2016-10-14 08:40:00,2016-10-14 09:00:00)","0","46"
"1","[2016-10-14 08:40:00,2016-10-14 09:00:00)","1","108"
"3","[2016-10-14 08:40:00,2016-10-14 09:00:00)","0","146"
"3","[2016-10-14 08:40:00,2016-10-14 09:00:00)","1","127"
"2","[2016-10-14 08:40:00,2016-10-14 09:00:00)","0","141"
"1","[2016-10-14 09:00:00,2016-10-14 09:20:00)","0","44"
"1","[2016-10-14 09:00:00,2016-10-14 09:20:00)","1","126"
"3","[2016-10-14 09:00:00,2016-10-14 09:20:00)","0","161"
"3","[2016-10-14 09:00:00,2016-10-14 09:20:00)","1","125"
"2","[2016-10-14 09:00:00,2016-10-14 09:20:00)","0","105"
"1","[2016-10-14 09:20:00,2016-10-14 09:40:00)","0","48"
"1","[2016-10-14 09:20:00,2016-10-14 09:40:00)","1","111"
"3","[2016-10-14 09:20:00,2016-10-14 09:40:00)","0","140"
"3","[2016-10-14 09:20:00,2016-10-14 09:40:00)","1","100"
"2","[2016-10-14 09:20:00,2016-10-14 09:40:00)","0","117"
"1","[2016-10-14 09:40:00,2016-10-14 10:00:00)","0","45"
"1","[2016-10-14 09:40:00,2016-10-14 10:00:00)","1","152"
"3","[2016-10-14 09:40:00,2016-10-14 10:00:00)","0","129"
"3","[2016-10-14 09:40:00,2016-10-14 10:00:00)","1","105"
"2","[2016-10-14 09:40:00,2016-10-14 10:00:00)","0","77"
"1","[2016-10-14 17:00:00,2016-10-14 17:20:00)","0","44"
"1","[2016-10-14 17:00:00,2016-10-14 17:20:00)","1","122"
"3","[2016-10-14 17:00:00,2016-10-14 17:20:00)","0","146"
"3","[2016-10-14 17:00:00,2016-10-14 17:20:00)","1","112"
"2","[2016-10-14 17:00:00,2016-10-14 17:20:00)","0","83"
"1","[2016-10-14 17:20:00,2016-10-14 17:40:00)","0","47"
"1","[2016-10-14 17:20:00,2016-10-14 17:40:00)","1","132"
"3","[2016-10-14 17:20:00,2016-10-14 17:40:00)","0","122"
"3","[2016-10-14 17:20:00,2016-10-14 17:40:00)","1","107"
"2","[2016-10-14 17:20:00,2016-10-14 17:40:00)","0","98"
"1","[2016-10-14 17:40:00,2016-10-14 18:00:00)","0","39"
"1","[2016-10-14 17:40:00,2016-10-14 18:00:00)","1","135"
"3","[2016-10-14 17:40:00,2016-10-14 18:00:00)","0","112"
"3","[2016-10-14 17:40:00,2016-10-14 18:00:00)","1","128"
"2","[2016-10-14 17:40:00,2016-10-14 18:00:00)","0","79"
"1","[2016-10-14 18:00:00,2016-10-14 18:20:00)","0","35"
"1","[2016-10-14 18:00:00,2016-10-14 18:20:00)","1","89"
"3","[2016-10-14 18:00:00,2016-10-14 18:20:00)","0","74"
"3","[2016-10-14 18:00:00,2016-10-14 18:20:00)","1","125"
"2","[2016-10-14 18:00:00,2016-10-14 18:20:00)","0","71"
"1","[2016-10-14 18:20:00,2016-10-14 18:40:00)","0","30"
"1","[2016-10-14 18:20:00,2016-10-14 18:40:00)","1","85"
"3","[2016-10-14 18:20:00,2016-10-14 18:40:00)","0","68"
"3","[2016-10-14 18:20:00,2016-10-14 18:40:00)","1","67"
"2","[2016-10-14 18:20:00,2016-10-14 18:40:00)","0","89"
"1","[2016-10-14 18:40:00,2016-10-14 19:00:00)","0","43"
"1","[2016-10-14 18:40:00,2016-10-14 19:00:00)","1","84"
"3","[2016-10-14 18:40:00,2016-10-14 19:00:00)","0","57"
"3","[2016-10-14 18:40:00,2016-10-14 19:00:00)","1","38"
"2","[2016-10-14 18:40:00,2016-10-14 19:00:00)","0","69"
"1","[2016-10-15 08:00:00,2016-10-15 08:20:00)","0","44"
"1","[2016-10-15 08:00:00,2016-10-15 08:20:00)","1","73"
"3","[2016-10-15 08:00:00,2016-10-15 08:20:00)","0","105"
"3","[2016-10-15 08:00:00,2016-10-15 08:20:00)","1","80"
"2","[2016-10-15 08:00:00,2016-10-15 08:20:00)","0","101"
"1","[2016-10-15 08:20:00,2016-10-15 08:40:00)","0","47"
"1","[2016-10-15 08:20:00,2016-10-15 08:40:00)","1","103"
"3","[2016-10-15 08:20:00,2016-10-15 08:40:00)","0","97"
"3","[2016-10-15 08:20:00,2016-10-15 08:40:00)","1","80"
"2","[2016-10-15 08:20:00,2016-10-15 08:40:00)","0","118"
"1","[2016-10-15 08:40:00,2016-10-15 09:00:00)","0","55"
"1","[2016-10-15 08:40:00,2016-10-15 09:00:00)","1","123"
"3","[2016-10-15 08:40:00,2016-10-15 09:00:00)","0","128"
"3","[2016-10-15 08:40:00,2016-10-15 09:00:00)","1","121"
"2","[2016-10-15 08:40:00,2016-10-15 09:00:00)","0","103"
"1","[2016-10-15 09:00:00,2016-10-15 09:20:00)","0","70"
"1","[2016-10-15 09:00:00,2016-10-15 09:20:00)","1","110"
"3","[2016-10-15 09:00:00,2016-10-15 09:20:00)","0","127"
"3","[2016-10-15 09:00:00,2016-10-15 09:20:00)","1","90"
"2","[2016-10-15 09:00:00,2016-10-15 09:20:00)","0","108"
"1","[2016-10-15 09:20:00,2016-10-15 09:40:00)","0","72"
"1","[2016-10-15 09:20:00,2016-10-15 09:40:00)","1","103"
"3","[2016-10-15 09:20:00,2016-10-15 09:40:00)","0","115"
"3","[2016-10-15 09:20:00,2016-10-15 09:40:00)","1","97"
"2","[2016-10-15 09:20:00,2016-10-15 09:40:00)","0","124"
"1","[2016-10-15 09:40:00,2016-10-15 10:00:00)","0","55"
"1","[2016-10-15 09:40:00,2016-10-15 10:00:00)","1","121"
"3","[2016-10-15 09:40:00,2016-10-15 10:00:00)","0","121"
"3","[2016-10-15 09:40:00,2016-10-15 10:00:00)","1","105"
"2","[2016-10-15 09:40:00,2016-10-15 10:00:00)","0","95"
"1","[2016-10-15 17:00:00,2016-10-15 17:20:00)","0","66"
"1","[2016-10-15 17:00:00,2016-10-15 17:20:00)","1","85"
"3","[2016-10-15 17:00:00,2016-10-15 17:20:00)","0","105"
"3","[2016-10-15 17:00:00,2016-10-15 17:20:00)","1","104"
"2","[2016-10-15 17:00:00,2016-10-15 17:20:00)","0","72"
"1","[2016-10-15 17:20:00,2016-10-15 17:40:00)","0","55"
"1","[2016-10-15 17:20:00,2016-10-15 17:40:00)","1","94"
"3","[2016-10-15 17:20:00,2016-10-15 17:40:00)","0","127"
"3","[2016-10-15 17:20:00,2016-10-15 17:40:00)","1","87"
"2","[2016-10-15 17:20:00,2016-10-15 17:40:00)","0","84"
"1","[2016-10-15 17:40:00,2016-10-15 18:00:00)","0","32"
"1","[2016-10-15 17:40:00,2016-10-15 18:00:00)","1","90"
"3","[2016-10-15 17:40:00,2016-10-15 18:00:00)","0","104"
"3","[2016-10-15 17:40:00,2016-10-15 18:00:00)","1","87"
"2","[2016-10-15 17:40:00,2016-10-15 18:00:00)","0","50"
"1","[2016-10-15 18:00:00,2016-10-15 18:20:00)","0","33"
"1","[2016-10-15 18:00:00,2016-10-15 18:20:00)","1","67"
"3","[2016-10-15 18:00:00,2016-10-15 18:20:00)","0","82"
"3","[2016-10-15 18:00:00,2016-10-15 18:20:00)","1","92"
"2","[2016-10-15 18:00:00,2016-10-15 18:20:00)","0","41"
"1","[2016-10-15 18:20:00,2016-10-15 18:40:00)","0","30"
"1","[2016-10-15 18:20:00,2016-10-15 18:40:00)","1","71"
"3","[2016-10-15 18:20:00,2016-10-15 18:40:00)","0","70"
"3","[2016-10-15 18:20:00,2016-10-15 18:40:00)","1","85"
"2","[2016-10-15 18:20:00,2016-10-15 18:40:00)","0","35"
"1","[2016-10-15 18:40:00,2016-10-15 19:00:00)","0","29"
"1","[2016-10-15 18:40:00,2016-10-15 19:00:00)","1","61"
"3","[2016-10-15 18:40:00,2016-10-15 19:00:00)","0","62"
"3","[2016-10-15 18:40:00,2016-10-15 19:00:00)","1","82"
"2","[2016-10-15 18:40:00,2016-10-15 19:00:00)","0","37"
"1","[2016-10-16 08:00:00,2016-10-16 08:20:00)","0","29"
"1","[2016-10-16 08:00:00,2016-10-16 08:20:00)","1","47"
"3","[2016-10-16 08:00:00,2016-10-16 08:20:00)","0","85"
"3","[2016-10-16 08:00:00,2016-10-16 08:20:00)","1","85"
"2","[2016-10-16 08:00:00,2016-10-16 08:20:00)","0","81"
"1","[2016-10-16 08:20:00,2016-10-16 08:40:00)","0","44"
"1","[2016-10-16 08:20:00,2016-10-16 08:40:00)","1","72"
"3","[2016-10-16 08:20:00,2016-10-16 08:40:00)","0","114"
"3","[2016-10-16 08:20:00,2016-10-16 08:40:00)","1","80"
"2","[2016-10-16 08:20:00,2016-10-16 08:40:00)","0","92"
"1","[2016-10-16 08:40:00,2016-10-16 09:00:00)","0","35"
"1","[2016-10-16 08:40:00,2016-10-16 09:00:00)","1","67"
"3","[2016-10-16 08:40:00,2016-10-16 09:00:00)","0","102"
"3","[2016-10-16 08:40:00,2016-10-16 09:00:00)","1","86"
"2","[2016-10-16 08:40:00,2016-10-16 09:00:00)","0","99"
"1","[2016-10-16 09:00:00,2016-10-16 09:20:00)","0","51"
"1","[2016-10-16 09:00:00,2016-10-16 09:20:00)","1","100"
"3","[2016-10-16 09:00:00,2016-10-16 09:20:00)","0","105"
"3","[2016-10-16 09:00:00,2016-10-16 09:20:00)","1","107"
"2","[2016-10-16 09:00:00,2016-10-16 09:20:00)","0","95"
"1","[2016-10-16 09:20:00,2016-10-16 09:40:00)","0","47"
"1","[2016-10-16 09:20:00,2016-10-16 09:40:00)","1","108"
"3","[2016-10-16 09:20:00,2016-10-16 09:40:00)","0","94"
"3","[2016-10-16 09:20:00,2016-10-16 09:40:00)","1","90"
"2","[2016-10-16 09:20:00,2016-10-16 09:40:00)","0","107"
"1","[2016-10-16 09:40:00,2016-10-16 10:00:00)","0","48"
"1","[2016-10-16 09:40:00,2016-10-16 10:00:00)","1","108"
"3","[2016-10-16 09:40:00,2016-10-16 10:00:00)","0","72"
"3","[2016-10-16 09:40:00,2016-10-16 10:00:00)","1","98"
"2","[2016-10-16 09:40:00,2016-10-16 10:00:00)","0","87"
"1","[2016-10-16 17:00:00,2016-10-16 17:20:00)","0","70"
"1","[2016-10-16 17:00:00,2016-10-16 17:20:00)","1","98"
"3","[2016-10-16 17:00:00,2016-10-16 17:20:00)","0","132"
"3","[2016-10-16 17:00:00,2016-10-16 17:20:00)","1","100"
"2","[2016-10-16 17:00:00,2016-10-16 17:20:00)","0","82"
"1","[2016-10-16 17:20:00,2016-10-16 17:40:00)","0","59"
"1","[2016-10-16 17:20:00,2016-10-16 17:40:00)","1","134"
"3","[2016-10-16 17:20:00,2016-10-16 17:40:00)","0","116"
"3","[2016-10-16 17:20:00,2016-10-16 17:40:00)","1","108"
"2","[2016-10-16 17:20:00,2016-10-16 17:40:00)","0","65"
"1","[2016-10-16 17:40:00,2016-10-16 18:00:00)","0","37"
"1","[2016-10-16 17:40:00,2016-10-16 18:00:00)","1","111"
"3","[2016-10-16 17:40:00,2016-10-16 18:00:00)","0","120"
"3","[2016-10-16 17:40:00,2016-10-16 18:00:00)","1","100"
"2","[2016-10-16 17:40:00,2016-10-16 18:00:00)","0","74"
"1","[2016-10-16 18:00:00,2016-10-16 18:20:00)","0","39"
"1","[2016-10-16 18:00:00,2016-10-16 18:20:00)","1","76"
"3","[2016-10-16 18:00:00,2016-10-16 18:20:00)","0","105"
"3","[2016-10-16 18:00:00,2016-10-16 18:20:00)","1","88"
"2","[2016-10-16 18:00:00,2016-10-16 18:20:00)","0","46"
"1","[2016-10-16 18:20:00,2016-10-16 18:40:00)","0","41"
"1","[2016-10-16 18:20:00,2016-10-16 18:40:00)","1","77"
"3","[2016-10-16 18:20:00,2016-10-16 18:40:00)","0","93"
"3","[2016-10-16 18:20:00,2016-10-16 18:40:00)","1","109"
"2","[2016-10-16 18:20:00,2016-10-16 18:40:00)","0","54"
"1","[2016-10-16 18:40:00,2016-10-16 19:00:00)","0","38"
"1","[2016-10-16 18:40:00,2016-10-16 19:00:00)","1","56"
"3","[2016-10-16 18:40:00,2016-10-16 19:00:00)","0","80"
"3","[2016-10-16 18:40:00,2016-10-16 19:00:00)","1","82"
"2","[2016-10-16 18:40:00,2016-10-16 19:00:00)","0","32"
"1","[2016-10-17 08:00:00,2016-10-17 08:20:00)","0","50"
"1","[2016-10-17 08:00:00,2016-10-17 08:20:00)","1","132"
"3","[2016-10-17 08:00:00,2016-10-17 08:20:00)","0","175"
"3","[2016-10-17 08:00:00,2016-10-17 08:20:00)","1","123"
"2","[2016-10-17 08:00:00,2016-10-17 08:20:00)","0","130"
"1","[2016-10-17 08:20:00,2016-10-17 08:40:00)","0","46"
"1","[2016-10-17 08:20:00,2016-10-17 08:40:00)","1","140"
"3","[2016-10-17 08:20:00,2016-10-17 08:40:00)","0","182"
"3","[2016-10-17 08:20:00,2016-10-17 08:40:00)","1","147"
"2","[2016-10-17 08:20:00,2016-10-17 08:40:00)","0","133"
"1","[2016-10-17 08:40:00,2016-10-17 09:00:00)","0","56"
"1","[2016-10-17 08:40:00,2016-10-17 09:00:00)","1","141"
"3","[2016-10-17 08:40:00,2016-10-17 09:00:00)","0","180"
"3","[2016-10-17 08:40:00,2016-10-17 09:00:00)","1","150"
"2","[2016-10-17 08:40:00,2016-10-17 09:00:00)","0","109"
"1","[2016-10-17 09:00:00,2016-10-17 09:20:00)","0","43"
"1","[2016-10-17 09:00:00,2016-10-17 09:20:00)","1","161"
"3","[2016-10-17 09:00:00,2016-10-17 09:20:00)","0","138"
"3","[2016-10-17 09:00:00,2016-10-17 09:20:00)","1","136"
"2","[2016-10-17 09:00:00,2016-10-17 09:20:00)","0","114"
"1","[2016-10-17 09:20:00,2016-10-17 09:40:00)","0","54"
"1","[2016-10-17 09:20:00,2016-10-17 09:40:00)","1","120"
"3","[2016-10-17 09:20:00,2016-10-17 09:40:00)","0","150"
"3","[2016-10-17 09:20:00,2016-10-17 09:40:00)","1","137"
"2","[2016-10-17 09:20:00,2016-10-17 09:40:00)","0","102"
"1","[2016-10-17 09:40:00,2016-10-17 10:00:00)","0","41"
"1","[2016-10-17 09:40:00,2016-10-17 10:00:00)","1","121"
"3","[2016-10-17 09:40:00,2016-10-17 10:00:00)","0","117"
"3","[2016-10-17 09:40:00,2016-10-17 10:00:00)","1","106"
"2","[2016-10-17 09:40:00,2016-10-17 10:00:00)","0","91"
"1","[2016-10-17 17:00:00,2016-10-17 17:20:00)","0","43"
"1","[2016-10-17 17:00:00,2016-10-17 17:20:00)","1","112"
"3","[2016-10-17 17:00:00,2016-10-17 17:20:00)","0","140"
"3","[2016-10-17 17:00:00,2016-10-17 17:20:00)","1","80"
"2","[2016-10-17 17:00:00,2016-10-17 17:20:00)","0","86"
"1","[2016-10-17 17:20:00,2016-10-17 17:40:00)","0","34"
"1","[2016-10-17 17:20:00,2016-10-17 17:40:00)","1","126"
"3","[2016-10-17 17:20:00,2016-10-17 17:40:00)","0","132"
"3","[2016-10-17 17:20:00,2016-10-17 17:40:00)","1","82"
"2","[2016-10-17 17:20:00,2016-10-17 17:40:00)","0","83"
"1","[2016-10-17 17:40:00,2016-10-17 18:00:00)","0","25"
"1","[2016-10-17 17:40:00,2016-10-17 18:00:00)","1","130"
"3","[2016-10-17 17:40:00,2016-10-17 18:00:00)","0","113"
"3","[2016-10-17 17:40:00,2016-10-17 18:00:00)","1","84"
"2","[2016-10-17 17:40:00,2016-10-17 18:00:00)","0","58"
"1","[2016-10-17 18:00:00,2016-10-17 18:20:00)","0","22"
"1","[2016-10-17 18:00:00,2016-10-17 18:20:00)","1","52"
"3","[2016-10-17 18:00:00,2016-10-17 18:20:00)","0","90"
"3","[2016-10-17 18:00:00,2016-10-17 18:20:00)","1","79"
"2","[2016-10-17 18:00:00,2016-10-17 18:20:00)","0","56"
"1","[2016-10-17 18:20:00,2016-10-17 18:40:00)","0","24"
"1","[2016-10-17 18:20:00,2016-10-17 18:40:00)","1","84"
"3","[2016-10-17 18:20:00,2016-10-17 18:40:00)","0","93"
"3","[2016-10-17 18:20:00,2016-10-17 18:40:00)","1","86"
"2","[2016-10-17 18:20:00,2016-10-17 18:40:00)","0","53"
"1","[2016-10-17 18:40:00,2016-10-17 19:00:00)","0","14"
"1","[2016-10-17 18:40:00,2016-10-17 19:00:00)","1","49"
"3","[2016-10-17 18:40:00,2016-10-17 19:00:00)","0","65"
"3","[2016-10-17 18:40:00,2016-10-17 19:00:00)","1","80"
"2","[2016-10-17 18:40:00,2016-10-17 19:00:00)","0","53"
